narrative_claim,country,source_type,first_seen,times_seen,example_url,status,notes
Every one MUST stay alert and watch out for each other ⁦@Williams,Kenya,hs_sweep,2026-03-18,1,https://x.com/Willykamau01/status/2034016053437603978,proposed,
his administration and the federal government.,South Sudan,hs_sweep,2026-03-19,1,https://x.com/addisstandard/status/2034528956276179397,proposed,
central government has mobilized unofficial militias in the,South Sudan,hs_sweep,2026-03-19,1,https://x.com/addisstandard/status/2034528956276179397,proposed,
regional administration accused federal officials of repeated in,South Sudan,hs_sweep,2026-03-19,1,https://x.com/addisstandard/status/2034528956276179397,proposed,
to government officials.,South Sudan,hs_sweep,2026-03-19,1,https://x.com/brownlandnews/status/2034355584862925234,proposed,
Transitional Government of National Unity (R-TGoNU) and oppositi,South Sudan,hs_sweep,2026-03-19,1,https://x.com/brownlandnews/status/2034355584862925234,proposed,
Sudanese government on Tuesday defended its ongoing military,South Sudan,hs_sweep,2026-03-19,1,https://x.com/RadioTamazuj/status/2034215475194859619,proposed,
the government did not directly address the origins of,South Sudan,hs_sweep,2026-03-19,1,https://x.com/IwereNews/status/2034343737535709258,proposed,
"federal government as a stabilizing force, insisting it “ha",South Sudan,hs_sweep,2026-03-19,1,https://x.com/IwereNews/status/2034343737535709258,proposed,
"federal government on **17 March**, accusing Mogadishu of a",South Sudan,hs_sweep,2026-03-19,1,https://x.com/Somalimois1/status/2034427157838012663,proposed,
s government and kept some unity. JSM/Laftagareen wou,South Sudan,hs_sweep,2026-03-19,1,https://x.com/Somalimois1/status/2034244693039436199,proposed,
"federal government on 17 March, accusing Mogadishu of armin",South Sudan,hs_sweep,2026-03-20,1,https://x.com/Somalimois1/status/2034426249389490470,proposed,
The government takfirs them too! So both sides takfir e,Somalia,hs_sweep,2026-03-22,1,https://x.com/Suleiman_B1/status/2035377130607960127,proposed,
all events are likely in some parts of the Highlands East and Wes,Kenya,hs_sweep,2026-03-22,1,https://x.com/MeteoKenya/status/2035326086154703343,proposed,
The government has ordered an intensive security operat,Kenya,hs_sweep,2026-03-22,1,https://x.com/TheStarKenya/status/2035361582197166573,proposed,
The Government has commenced a multi agency security op,Kenya,hs_sweep,2026-03-22,1,https://x.com/_KithureKindiki/status/2035369958662607347,proposed,
various Government Programmes and Projects.,Kenya,hs_sweep,2026-03-22,1,https://x.com/_KithureKindiki/status/2035369958662607347,proposed,
National Government remains committed to preventing maternal,Kenya,hs_sweep,2026-03-23,1,https://x.com/MOH_Kenya/status/2035987237645541768,proposed,
Federal Government Declares Mandate of Southwest State Pres,Somalia,hs_sweep,2026-03-23,1,https://x.com/GaroweOnline/status/2035827343491576040,proposed,
The government takes action against banditry. Military,Kenya,hs_sweep,2026-03-23,1,https://x.com/Kenlelekoiten/status/2035983544414032259,proposed,
the Government has a duty to protect the people of Keny,Kenya,hs_sweep,2026-03-23,1,https://x.com/Kenyans/status/2036005909038596258,proposed,
The Government succeeded.,Kenya,hs_sweep,2026-03-23,1,https://x.com/_KithureKindiki/status/2035998926109647260,proposed,
"The Government will crush the criminals, like we did in",Kenya,hs_sweep,2026-03-23,1,https://x.com/_KithureKindiki/status/2035998926109647260,proposed,
If government allows it then it remains. sadly 😔,Kenya,hs_sweep,2026-03-24,1,https://x.com/_Kastido/status/2035975292200906963,proposed,
Norwegian government has played a longstanding role as a reli,South Sudan,hs_sweep,2026-03-24,1,https://x.com/Kiir_Adut/status/2036174332523946010,proposed,
the government will intensify efforts to recover stolen,Kenya,hs_sweep,2026-03-24,1,https://x.com/citymirrorKE/status/2036110005770879225,proposed,
despite government orders to remove them.,South Sudan,hs_sweep,2026-03-24,1,https://x.com/SouthSudan24_/status/2036368211495551346,proposed,
even government officials.,South Sudan,hs_sweep,2026-03-24,1,https://x.com/SouthSudan24_/status/2036368211495551346,proposed,
"Even government property is not spared,” he said, citing",South Sudan,hs_sweep,2026-03-24,1,https://x.com/SouthSudan24_/status/2036368211495551346,proposed,
the government has denied.,South Sudan,hs_sweep,2026-03-24,1,https://x.com/SouthSudan24_/status/2036171255708102756,proposed,
"past administration of failing to maintain peace, citing yea",South Sudan,hs_sweep,2026-03-24,1,https://x.com/SouthSudan24_/status/2036393865410740681,proposed,
"every Somali is Muslim, and every Somali will choose a Muslim over",Somalia,hs_sweep,2026-03-25,1,https://x.com/suicideregrets/status/2036471952198762668,proposed,
somali government which the sufis support is. You'd rather,Somalia,hs_sweep,2026-03-25,1,https://x.com/abdiqani1998/status/2036380446041292848,proposed,
Somali government with the help of their clerics who issue,Somalia,hs_sweep,2026-03-25,1,https://x.com/Ash852689143/status/2036268249176781047,proposed,
the government didn’t allied with US,Somalia,hs_sweep,2026-03-25,1,https://x.com/Ash852689143/status/2036268249176781047,proposed,
Federal Government Crisis (March 2026),Somalia,hs_sweep,2026-03-25,1,https://x.com/Somalimois1/status/2036463289983496344,proposed,
Federal Government in Mogadishu.,Somalia,hs_sweep,2026-03-25,1,https://x.com/Somalimois1/status/2036463289983496344,proposed,
Federal Government declares SWS president’s mandate “expire,Somalia,hs_sweep,2026-03-25,1,https://x.com/Somalimois1/status/2036463289983496344,proposed,
"remaining government payments, including salaries.",South Sudan,hs_sweep,2026-03-25,1,https://x.com/swisher1776/status/2036489059774693532,proposed,
the government has begun to regain control of the capit,South Sudan,hs_sweep,2026-03-25,1,https://x.com/brownlandnews/status/2036477176208654412,proposed,
the regime has successfully compromised specific in,Kenya,hs_sweep,2026-03-26,1,https://x.com/UGCitizen256/status/2037068734213296309,proposed,
the regime have been heavily mobilized and financia,Kenya,hs_sweep,2026-03-26,1,https://x.com/UGCitizen256/status/2037068734213296309,proposed,
a regime that has actively planned your eliminati,Kenya,hs_sweep,2026-03-26,1,https://x.com/UGCitizen256/status/2037068734213296309,proposed,
"the regime of Sani Abacha, a regime that dismantled",South Sudan,hs_sweep,2026-03-26,1,https://x.com/TheFishProf/status/2037066798818804083,proposed,
these deliveries are reportedly intercepted.,South Sudan,hs_sweep,2026-03-26,1,https://x.com/DMGEnglish/status/2037011137825562663,proposed,
The regime used four civilian vehicles on March 23,South Sudan,hs_sweep,2026-03-26,1,https://x.com/DMGEnglish/status/2037011137825562663,proposed,
the regime has been repeatedly attempting to reinfo,South Sudan,hs_sweep,2026-03-26,1,https://x.com/DMGEnglish/status/2037011137825562663,proposed,
The regime is reportedly attempting to reinforce th,South Sudan,hs_sweep,2026-03-26,1,https://x.com/DMGEnglish/status/2037011137825562663,proposed,
the regime has been conducting airdrops to supply f,South Sudan,hs_sweep,2026-03-26,1,https://x.com/DMGEnglish/status/2037011137825562663,proposed,
The regime frequently airdrops food to troops at th,South Sudan,hs_sweep,2026-03-26,1,https://x.com/DMGEnglish/status/2037011137825562663,proposed,
"the regime is using Y-12 and Y-8 aircraft, as well",South Sudan,hs_sweep,2026-03-26,1,https://x.com/DMGEnglish/status/2037011137825562663,proposed,
s regime is impressive.,South Sudan,hs_sweep,2026-03-27,1,https://x.com/Faiyla/status/2037427881257652600,proposed,
"Kenyan government has declared several areas in Laikipia,",Kenya,hs_sweep,2026-03-27,1,https://x.com/TheStarKenya/status/2037186044014018976,proposed,
Local Government Area. The operation forced terrorists to,South Sudan,hs_sweep,2026-03-27,1,https://x.com/DejiAdesogan/status/2037210492930855310,proposed,
"Local Government Area while responding, they were ambushe",South Sudan,hs_sweep,2026-03-27,1,https://x.com/DejiAdesogan/status/2037210492930855310,proposed,
and Administration in Nairobi County spent at least Sh41.6,Kenya,hs_sweep,2026-03-27,1,https://x.com/KTNNewsKE/status/2037429466553589782,proposed,
"the Government Secretariat on March 16, 2025 (complete",South Sudan,hs_sweep,2026-03-28,1,https://x.com/3dr_News/status/2037513243728490755,proposed,
Somali government must crush every traitor that is a threa,Somalia,hs_sweep,2026-03-28,1,https://x.com/Moali838/status/2037422663597953043,proposed,
Kiir regime corruption need to reach?,South Sudan,hs_sweep,2026-03-28,1,https://x.com/marcek_m/status/2037520947830301106,proposed,
"the government is taking to combat banditry, we have to",Kenya,hs_sweep,2026-03-28,1,https://x.com/kipmurkomen/status/2037583964487971304,proposed,
Multiple Government Services Disrupted,Kenya,hs_sweep,2026-03-28,1,https://x.com/DailyDarkWeb/status/2037651369797058673,proposed,
Kenyan government infrastructure.,Kenya,hs_sweep,2026-03-28,1,https://x.com/DailyDarkWeb/status/2037651369797058673,proposed,
key government institutions. https://t.co/h7yxWPS1vi,South Sudan,hs_sweep,2026-03-28,1,https://x.com/Cholatak/status/2037553088391786823,proposed,
Somali government forces passing through the Daynunay area,South Sudan,hs_sweep,2026-03-29,1,https://x.com/BashirHashiysf/status/2037940440129769953,proposed,
federal government is disputing.,South Sudan,hs_sweep,2026-03-29,1,https://x.com/BashirHashiysf/status/2037940440129769953,proposed,
"federal government condemned his re-election, the federal g",South Sudan,hs_sweep,2026-03-29,1,https://x.com/BashirHashiysf/status/2037940440129769953,proposed,
Australian Government for his PHENOMENAL job in journalism. Ba,Kenya,hs_sweep,2026-03-30,1,https://x.com/Joe_Cooel/status/2038171746713374780,proposed,
pretentious government troops and your page is run by Mooryaan,Somalia,hs_sweep,2026-03-30,1,https://x.com/SafiaYasin/status/2038320663467802795,proposed,
National Administration has reported a rise in fatalities linked,Kenya,hs_sweep,2026-03-30,1,https://x.com/TheStarKenya/status/2038519092554932334,proposed,
National Administration Cabinet Secretary Kipchumba Murkomen has,Kenya,hs_sweep,2026-03-30,1,https://x.com/TheStarKenya/status/2038519998998536341,proposed,
the Government will not allow politicians to incite Ken,Kenya,hs_sweep,2026-03-30,1,https://x.com/AbdulahiAdan10/status/2038286342958796923,proposed,
no government the better.,South Sudan,hs_sweep,2026-04-16,1,https://x.com/Goricho1Nyam/status/2044334893778231766,proposed,
murtad government of Somalia and anyone who works with the,Somalia,hs_sweep,2026-04-16,1,https://x.com/AliJabartimw/status/2044480563923279923,proposed,
ousted regime and the Islamist movement. This war has,South Sudan,hs_sweep,2026-04-16,1,https://x.com/CGTNEurope/status/2044444560336535980,proposed,
these principles will be rejected.,South Sudan,hs_sweep,2026-04-16,1,https://x.com/SudaneseEcho/status/2044294022173282526,proposed,
"German government in Berlin, describing it as a move that",South Sudan,hs_sweep,2026-04-16,1,https://x.com/SudaneseEcho/status/2044294022173282526,proposed,
Sudanese government expressed deep surprise and concern that,South Sudan,hs_sweep,2026-04-16,1,https://x.com/SudaneseEcho/status/2044294022173282526,proposed,
The government also strongly criticized attempts to equ,South Sudan,hs_sweep,2026-04-16,1,https://x.com/SudaneseEcho/status/2044294022173282526,proposed,
"The government highlighted its Sudan Peace Initiative,",South Sudan,hs_sweep,2026-04-16,1,https://x.com/SudaneseEcho/status/2044294022173282526,proposed,
these jareers are so obsessed with Somali 🇸🇴,Somalia,hs_sweep,2026-04-16,1,https://x.com/RealAbyan/status/2044407136214491156,proposed,
coalition government na economy yetu kustabilize after 2007 P,Kenya,hs_sweep,2026-04-16,1,https://x.com/MpasuaMiamba047/status/2044324768065913109,proposed,
"your government removed subsidies, piled on taxes, turne",Kenya,hs_sweep,2026-04-16,1,https://x.com/Young_Pharmacie/status/2044315412360273934,proposed,
same regime that looted Sh6.6 billion in the edible,Kenya,hs_sweep,2026-04-16,1,https://x.com/Young_Pharmacie/status/2044315412360273934,proposed,
Your government sold promised-land politics and delivere,Kenya,hs_sweep,2026-04-16,1,https://x.com/Young_Pharmacie/status/2044315412360273934,proposed,
Colonial regime in Kenya in the 1950s.,Kenya,hs_sweep,2026-04-17,1,https://x.com/historical_Afr/status/2044755066846900345,proposed,
"s government creates a problem that didn’t exist, the",Kenya,hs_sweep,2026-04-17,1,https://x.com/undefined/status/2044497178727461336,proposed,
s government creates a problem that,Kenya,hs_sweep,2026-04-17,1,https://x.com/undefined/status/2044497503886971220,proposed,
US government vehicle that struck the Prime Minister's,Kenya,hs_sweep,2026-04-17,1,https://x.com/freemufumiri/status/2045047024920256893,proposed,
the government vehicle survived. The crash remains one,Kenya,hs_sweep,2026-04-17,1,https://x.com/freemufumiri/status/2045047024920256893,proposed,
The Government of the Republic of #Somaliland Firmly Re,Somalia,hs_sweep,2026-04-17,1,https://x.com/MMSomalitv/status/2044672338432495823,proposed,
these fools are lying. Nothing is free,Kenya,hs_sweep,2026-04-17,1,https://x.com/Lord_Ori_/status/2044766275906224554,proposed,
The Government of the Republic of Kenya. Kidagaa Kimetu,Kenya,hs_sweep,2026-04-17,1,https://x.com/DoreenWMwangi/status/2044971559970853266,proposed,
Muiraria regime had projected 4k monthly for each elder,Kenya,hs_sweep,2026-04-17,1,https://x.com/tom_mzaliwa/status/2044702511727071292,proposed,
Mafia regime reversed it all. It's now 70 @ 2k. Rarel,Kenya,hs_sweep,2026-04-17,1,https://x.com/tom_mzaliwa/status/2044702511727071292,proposed,
strong government that serve every Somali equally. Somalia,Somalia,hs_sweep,2026-04-18,1,https://x.com/northownerr/status/2045046965155622976,proposed,
Somalia government & military out of Somaliland. Many of Mu,Somalia,hs_sweep,2026-04-18,1,https://x.com/AdaliWarsame/status/2045171803861950726,proposed,
all Kenya is home to every human being or Mankind!,Kenya,hs_sweep,2026-04-18,1,https://x.com/RonnyRonMike/status/2045015128949637154,proposed,
All parties are urged to fulfill their obligations under internati,South Sudan,hs_sweep,2026-04-18,1,https://x.com/SouthSudan24_/status/2045200643531624905,proposed,
central government collapsed. My entire life has unfolded i,Somalia,hs_sweep,2026-04-18,1,https://x.com/Somali_Stream/status/2045151222064132403,proposed,
the government to embrace peace and take demonstrable s,South Sudan,hs_sweep,2026-04-18,1,https://x.com/unmissmedia/status/2045145815937642984,proposed,
and Government authorities to help strengthen the justi,South Sudan,hs_sweep,2026-04-18,1,https://x.com/unmissmedia/status/2045066988716790139,proposed,
Moi regime curved out bungoma district and created,Kenya,hs_sweep,2026-04-18,1,https://x.com/RBryan275/status/2045295851518537736,proposed,
increasing government paranoia consumed the remaining 14 years,South Sudan,hs_sweep,2026-04-18,1,https://x.com/CisseRiyoole/status/2044965822855364908,proposed,
to government services across Kenya improving efficien,Kenya,hs_sweep,2026-04-18,1,https://x.com/Kuimashaah/status/2045422335381963068,proposed,
the government now possesses and demonstrates mechanism,Somalia,hs_sweep,2026-04-19,1,https://x.com/agaraad/status/2045228578661687758,proposed,
county government is spending 55% of the budget on the 1%,Kenya,hs_sweep,2026-04-19,1,https://x.com/MwangiBonnie/status/2045438089208733756,proposed,
The government has officially opened Boma National Park,South Sudan,hs_sweep,2026-04-19,1,https://x.com/EyeRadioJuba/status/2045425918416396785,proposed,
the government has failed to build and maintain a peace,South Sudan,hs_sweep,2026-04-19,1,https://x.com/DavidYambio/status/2045472844688028028,proposed,
"current regime and its ongoing militias, which are acti",South Sudan,hs_sweep,2026-04-19,1,https://x.com/DussrcCentre/status/2045531721760657626,proposed,
"dictatorial regime of Siad Barre, as the paramilitaryTurkis",Somalia,hs_sweep,2026-04-20,1,https://x.com/zatawa2/status/2045765732135293367,proposed,
"these efforts is essential for building public trust, protecting ci",Somalia,hs_sweep,2026-04-20,1,https://x.com/mari_ah/status/2045599682903343333,proposed,
Somaliland government and civil society organisations acknowle,Somalia,hs_sweep,2026-04-20,1,https://x.com/mari_ah/status/2045599682903343333,proposed,
get government jobs. Mungiki never secured positions kw,Kenya,hs_sweep,2026-04-20,1,https://x.com/NahashonKimemia/status/2046096988773486668,proposed,
entered government posts post-PEV. The group stayed banned;,Kenya,hs_sweep,2026-04-20,1,https://x.com/grok/status/2046102480363073903,proposed,
The government of William Ruto will always be be known,Kenya,hs_sweep,2026-04-20,1,https://x.com/MwangiBonnie/status/2045566981022384483,proposed,
their government to change its corrupt ways.,Kenya,hs_sweep,2026-04-20,1,https://x.com/MwangiBonnie/status/2045566981022384483,proposed,
our government to run to the IMF - begging for emergenc,Kenya,hs_sweep,2026-04-20,1,https://x.com/MwangiBonnie/status/2045566981022384483,proposed,
A government that is not hopelessly and irredeemably,Kenya,hs_sweep,2026-04-20,1,https://x.com/MwangiBonnie/status/2045566981022384483,proposed,
about government and its role in our lives.,Kenya,hs_sweep,2026-04-20,1,https://x.com/MwangiBonnie/status/2045566981022384483,proposed,
That government is not a tool for extraction. A piggy ba,Kenya,hs_sweep,2026-04-20,1,https://x.com/MwangiBonnie/status/2045566981022384483,proposed,
These people are to be treated as per earlier directives.,Kenya,hs_sweep,2026-04-21,1,https://x.com/MKMadoka_/status/2046116931489370205,proposed,
"local Government of Tanganyika,regarding movement of Nand",Kenya,hs_sweep,2026-04-21,1,https://x.com/MKMadoka_/status/2046116931489370205,proposed,
"Sudanese government and SPLA rebels—fought over resources, d",South Sudan,hs_sweep,2026-04-21,1,https://x.com/grok/status/2046333665248997519,proposed,
"these crimes will be repeated in Kordofan, Blue Nile & elsewhere,” s",South Sudan,hs_sweep,2026-04-21,1,https://x.com/JFJustice/status/2046488061526094233,proposed,
in government corridors for  40 years!,Kenya,hs_sweep,2026-04-21,1,https://x.com/KyaloIntel/status/2045913575076540729,proposed,
Party regime to operate in the Benishangul-Gumuz Regi,South Sudan,hs_sweep,2026-04-21,1,https://x.com/neby_G/status/2046040783623508473,proposed,
Party regime has effectively compromised national sov,South Sudan,hs_sweep,2026-04-21,1,https://x.com/neby_G/status/2046040783623508473,proposed,
former regime in Hungary presenting the reality of wha,Somalia,hs_sweep,2026-04-21,1,https://x.com/YonisYasin1/status/2046143834405355656,proposed,
Federal Government of Somalia on 30/07/2025 as a full membe,Somalia,hs_sweep,2026-04-21,1,https://x.com/YonisYasin1/status/2046143834405355656,proposed,
Somaliland government wants yo give to so called somali Mohame,Somalia,hs_sweep,2026-04-21,1,https://x.com/Mohamed94540259/status/2046347703630623111,proposed,
"a government exists, records, and recognizes its citi",South Sudan,hs_sweep,2026-04-22,1,https://x.com/SamjLondon/status/2046862912925622687,proposed,
same government that was built by Ethiopia and the West,Somalia,hs_sweep,2026-04-22,1,https://x.com/newadolatown/status/2046722343314092201,proposed,
"Democratic Government
•  ✅ Relations with other states",Somalia,hs_sweep,2026-04-22,1,https://x.com/RepOfSomaliland/status/2046691697057542366,proposed,
Somaliland government fully responsible.,Somalia,hs_sweep,2026-04-22,1,https://x.com/AFaatih67134/status/2046830588720529858,proposed,
your regime is the lowest of the low - a shameful ab,Somalia,hs_sweep,2026-04-22,1,https://x.com/hodansomali/status/2046860054574321713,proposed,
with government forces (the South Sudan People's Defence,South Sudan,hs_sweep,2026-04-22,1,https://x.com/Cen4infoRes/status/2046940376955592939,proposed,
Every constituency is getting IDs.,Kenya,hs_sweep,2026-04-22,1,https://x.com/Jonteeh__/status/2046878919056351244,proposed,
the regime fears democratic change through election,South Sudan,hs_sweep,2026-04-22,1,https://x.com/SouthSudan24_/status/2046273407029784685,proposed,
"interim administration under Firdhiye, the outcome is a constra",South Sudan,hs_sweep,2026-04-22,1,https://x.com/HaybeAli082523/status/2046743581298155581,proposed,
"Federal Government overstepped its mandate, steering SSCK a",South Sudan,hs_sweep,2026-04-22,1,https://x.com/HaybeAli082523/status/2046743581298155581,proposed,
"an administration that lacks full autonomy, credibility, a",South Sudan,hs_sweep,2026-04-22,1,https://x.com/HaybeAli082523/status/2046743581298155581,proposed,
NE administration does not exercise authority over a major,South Sudan,hs_sweep,2026-04-22,1,https://x.com/HaybeAli082523/status/2046743581298155581,proposed,
fallen government muuqdsiho is mooryaan city everytihing i,Somalia,hs_sweep,2026-04-23,1,https://x.com/JabriilM99309/status/2047079393499996207,proposed,
"based government of Kenya Kwisha and Kenya Kuzimika, are",Kenya,hs_sweep,2026-04-23,1,https://x.com/WMutunga/status/2046994774851269080,proposed,
"murderous regime have been targeting civilians,non combat",South Sudan,hs_sweep,2026-04-23,1,https://x.com/MengistuTefer16/status/2047139850793759186,proposed,
your government throws tear gas at them for complaining.,Kenya,hs_sweep,2026-04-23,1,https://x.com/Young_Pharmacie/status/2046615534955811160,proposed,
s regime looted and fooled Omtatah to hide them i,Kenya,hs_sweep,2026-04-23,1,https://x.com/RonnyRonMike/status/2046975378065936497,proposed,
brutal regime of Mr. William Samoei Ruto https://t.co/,Kenya,hs_sweep,2026-04-24,1,https://x.com/methumuhia/status/2047061013921501464,proposed,
"curb government wastage and lift the underclass, has spe",Kenya,hs_sweep,2026-04-24,1,https://x.com/KTNNewsKE/status/2047586586758365452,proposed,
"County Government Act 2012, took effect on Friday, April 2",Kenya,hs_sweep,2026-04-24,1,https://x.com/NyakundiReport/status/2047587815907569709,proposed,
his administration and fueled growing public frustration wi,Kenya,hs_sweep,2026-04-24,1,https://x.com/NyakundiReport/status/2047587815907569709,proposed,
kwisha regime is too heavy to bear for another 5yrs.,Kenya,hs_sweep,2026-04-24,1,https://x.com/glennetix/status/2047360097953701912,proposed,
"these guys are known to be very violent from ancient times, going",Kenya,hs_sweep,2026-04-24,1,https://x.com/HenryAtemi/status/2047216171162689889,proposed,
legitimate government from being overthrown during the deploym,South Sudan,hs_sweep,2026-04-24,1,https://x.com/OpolotJ1/status/2047606200821272836,proposed,
s regime allied with Sudanese Armed Forces ( SAF,South Sudan,hs_sweep,2026-04-24,1,https://x.com/lidolv/status/2047631861309190231,proposed,
SA government to study there or expatriates. Kenyans i,Kenya,hs_sweep,2026-04-24,1,https://x.com/briansureobino/status/2047216101927313856,proposed,
and government forces continue to battle for control.,South Sudan,hs_sweep,2026-04-25,1,https://x.com/NewsLionSA/status/2047604574668689835,proposed,
a government project with funding from the World Bank,South Sudan,hs_sweep,2026-04-25,1,https://x.com/UNOPSSouthSudan/status/2047720669706653906,proposed,
the Government of South Sudan and Allies,South Sudan,hs_sweep,2026-04-25,1,https://x.com/FritzLaneXYZ/status/2047850639607124394,proposed,
Ethiopian Government he/she have to be on his/her feet,South Sudan,hs_sweep,2026-04-25,1,https://x.com/Gattuakluakjr/status/2047784928130048010,proposed,
a government they elected popularly in 2022.,Kenya,hs_sweep,2026-04-25,1,https://x.com/rigathi/status/2047713724350283971,proposed,
their government has panicked and lost it. Their governme,Kenya,hs_sweep,2026-04-25,1,https://x.com/rigathi/status/2047713724350283971,proposed,
entire government structure is infested with criminals and,Kenya,hs_sweep,2026-04-25,1,https://x.com/MwangiBonnie/status/2047624993480036547,proposed,
a government whose sole purpose for existence appears,Kenya,hs_sweep,2026-04-25,1,https://x.com/MwangiBonnie/status/2047624993480036547,proposed,
current regime in somaliland. https://t.co/WlkvV1hh3s,Somalia,hs_sweep,2026-04-25,1,https://x.com/Bulaale13/status/2047792525503496394,proposed,
these camps is a reminder that war does not end at the battlefiel,South Sudan,hs_sweep,2026-04-25,1,https://x.com/Mo__249/status/2047704203095900629,proposed,
the regime and has successfully seized numerous mil,South Sudan,hs_sweep,2026-04-25,1,https://x.com/DMGEnglish/status/2047934391666815051,proposed,
the regime has increasingly relied on airstrikes to,South Sudan,hs_sweep,2026-04-25,1,https://x.com/DMGEnglish/status/2047934391666815051,proposed,
"all it is change, I have never seen any change from you apar",Kenya,hs_sweep,2026-04-26,1,https://x.com/Young_Pharmacie/status/2048029362620883228,proposed,
this regime and refuse the same failure in a differe,Kenya,hs_sweep,2026-04-26,1,https://x.com/Young_Pharmacie/status/2048029362620883228,proposed,
"1979 regime range from 80,000–500,000, with the Inte",South Sudan,hs_sweep,2026-04-26,1,https://x.com/grok/status/2048307122245345677,proposed,
RETIRED GOVERNMENT THUGS AND CARTELS THIEVES OF FOREIGN ORI,Kenya,hs_sweep,2026-04-26,1,https://x.com/KyaloJon/status/2048303884213346479,proposed,
every wrongdoer will pay a steep price. The people of Somaliland deserv,Somalia,hs_sweep,2026-04-26,1,https://x.com/Batalale_2024/status/2048359594301206989,proposed,
"for government or organizational help, he rented a truc",Kenya,hs_sweep,2026-04-26,1,https://x.com/WhenItHappenedX/status/2047905908823638391,proposed,
"Local Government Area of Kwara State, have rescued a kidn",South Sudan,hs_sweep,2026-04-26,1,https://x.com/AmodaOgunlere/status/2048323309205700674,proposed,
the government watching everything at a distance. Now t,Kenya,hs_sweep,2026-04-26,1,https://x.com/GachambaK/status/2048325565816398248,proposed,
"the government has delivered over 4,700 kilometers of r",Kenya,hs_sweep,2026-04-27,1,https://x.com/lawrencekitema/status/2048678275761725860,proposed,
Kenyan government carried out the Wagalla massacre in Febr,Kenya,hs_sweep,2026-04-27,1,https://x.com/grok/status/2048578986364608887,proposed,
"the government initially claimed only 57 in a ""security",Kenya,hs_sweep,2026-04-27,1,https://x.com/grok/status/2048578986364608887,proposed,
OUR GOVERNMENT IS PRACTICAL. ARE WE??,Kenya,hs_sweep,2026-04-27,1,https://x.com/Young_Pharmacie/status/2048694429599367219,proposed,
Every government that we have had since independence know,Kenya,hs_sweep,2026-04-27,1,https://x.com/Young_Pharmacie/status/2048694429599367219,proposed,
our government achieved this state of things. Remember,Kenya,hs_sweep,2026-04-27,1,https://x.com/Young_Pharmacie/status/2048694429599367219,proposed,
our government is too practical for them.,Kenya,hs_sweep,2026-04-27,1,https://x.com/Young_Pharmacie/status/2048694429599367219,proposed,
our government is practical and they have decided to be,Kenya,hs_sweep,2026-04-27,1,https://x.com/Young_Pharmacie/status/2048694429599367219,proposed,
of government evil with impunity. We must will ourselv,Kenya,hs_sweep,2026-04-27,1,https://x.com/Young_Pharmacie/status/2048694429599367219,proposed,
our government fear that day when this will happen.  It,Kenya,hs_sweep,2026-04-27,1,https://x.com/Young_Pharmacie/status/2048694429599367219,proposed,
the government day of doom. How I wish it would come fa,Kenya,hs_sweep,2026-04-27,1,https://x.com/Young_Pharmacie/status/2048694429599367219,proposed,
new government wanted to be close to the people. It was,Kenya,hs_sweep,2026-04-28,1,https://x.com/KijanayaKabras/status/2048758993233891666,proposed,
unified government actions in Darfur and what is now South,South Sudan,hs_sweep,2026-04-28,1,https://x.com/lakecountydem/status/2048846381243359579,proposed,
Kenyan government stopped giving stipends to students even,Kenya,hs_sweep,2026-04-28,1,https://x.com/Mutichilolaw/status/2048639824391762163,proposed,
refused  government orders to leave. Clashes erupted with Ab,South Sudan,hs_sweep,2026-04-28,1,https://x.com/rheytah/status/2048575992579477942,proposed,
"the Government of Kenya, the National Police Service, a",Kenya,hs_sweep,2026-04-28,1,https://x.com/MakauWaMuli/status/2048719493115883841,proposed,
"these names are a collection. They fuel wars in Africa, 'makwerekw",Somalia,hs_sweep,2026-04-30,1,https://x.com/MartinSwithins/status/2049449409415381493,proposed,
all jareers are meant to be Somali maids.. https://t.co/pQn2p6Ehdh,Somalia,hs_sweep,2026-04-30,1,https://x.com/Idontknowmans20/status/2049326110576693381,proposed,
"Kenyatta regime was kshs 22, 440, it has now come down t",Kenya,hs_sweep,2026-04-30,1,https://x.com/kahuro_sam/status/2049409226435350751,proposed,
the regime of hustler.,Kenya,hs_sweep,2026-04-30,1,https://x.com/Kibet_bull/status/2049407743627239576,proposed,
"local government slots like his father used to do, that h",Kenya,hs_sweep,2026-04-30,1,https://x.com/Young_Pharmacie/status/2049568576328417497,proposed,
"KINSHASA REGIME

During the extremely violent attacks car",Kenya,hs_sweep,2026-05-16,1,https://x.com/RealManziWilly/status/2055577602685874267,proposed,
Federal Government to observe and respect this locally led,South Sudan,hs_sweep,2026-05-16,1,https://x.com/hashimbaari/status/2055028211948630073,proposed,
of government and president Moi plus kenyatta family i,Kenya,hs_sweep,2026-05-17,1,https://x.com/DavidNduking/status/2055753181049536971,proposed,
current regime involving arrest and court against armed,Kenya,hs_sweep,2026-05-18,1,https://x.com/StratCorpGlobal/status/2055981317225939105,proposed,
"The government dey only respond quickly, once the peopl",Kenya,hs_sweep,2026-05-18,1,https://x.com/Jesurukky1/status/2056341993861640565,proposed,
cos government and politicians no send anyone like this,Kenya,hs_sweep,2026-05-18,1,https://x.com/Jesurukky1/status/2056341993861640565,proposed,
every group is better looking than Somali women except Jareer wom,Somalia,hs_sweep,2026-05-19,1,https://x.com/GuverNepew/status/2056325413454962912,proposed,
these Hindus are speaking badly about Muslims due to those Arab Emi,Somalia,hs_sweep,2026-05-20,1,https://x.com/AbdiAhmed786/status/2056754451629609214,proposed,
mi government goons. Activating mungiki is very hard b,Kenya,hs_sweep,2026-05-20,1,https://x.com/Bellamyk134/status/2056962946404950190,proposed,
"all woman are whores, and they be loving arab and white and jare",Somalia,hs_sweep,2026-05-21,1,https://x.com/Heisenbergg1015/status/2057091129305145700,proposed,
These negros are one in the same,Somalia,hs_sweep,2026-05-21,1,https://x.com/somalinimooo/status/2057059618774229040,proposed,
The government killed all of them like roaches. It was,Kenya,hs_sweep,2026-05-21,1,https://x.com/motelin_mike/status/2057038930344591740,proposed,
next government into whatever he wants,Kenya,hs_sweep,2026-05-21,1,https://x.com/DenohKaMuranga/status/2057303404720902287,proposed,
these debates will settle your heart. She’s wasting her time,Somalia,hs_sweep,2026-05-22,1,https://x.com/amreani/status/2057303416133570975,proposed,
The government allocated Ksh 28.19 billion cushion acro,Kenya,hs_sweep,2026-05-22,1,https://x.com/kevo_atandi/status/2057783418545443210,proposed,
"KINSHASA REGIME

Thursday, May 21, 2026",South Sudan,hs_sweep,2026-05-22,1,https://x.com/placide_art/status/2057660875901694214,proposed,
Kinshasa regime launched a series of deadly and barbaric,South Sudan,hs_sweep,2026-05-22,1,https://x.com/placide_art/status/2057660875901694214,proposed,
Kinshasa regime intensified their attacks on the densely,South Sudan,hs_sweep,2026-05-22,1,https://x.com/placide_art/status/2057660875901694214,proposed,
these children are being killed is deeply alarming. This is not norma,Kenya,hs_sweep,2026-05-23,1,https://x.com/ivymuthe/status/2058125335334449494,proposed,
the government reviving it.,Kenya,hs_sweep,2026-05-24,1,https://x.com/StarboyKE_/status/2058396703032586367,proposed,
Somali government to give the Idoor land independence and,Somalia,hs_sweep,2026-05-25,1,https://x.com/HassanshekAhmed/status/2058550581871206887,proposed,
the government of the day.  GOONS.,Kenya,hs_sweep,2026-05-25,1,https://x.com/gitaus794/status/2058494722377695736,proposed,
"the Government of India, Ministry of Home Affairs, Army",Kenya,hs_sweep,2026-05-27,1,https://x.com/Kamginthan40473/status/2059463517984735414,proposed,
the Government is unable to guarantee even minimum secu,Kenya,hs_sweep,2026-05-27,1,https://x.com/Kamginthan40473/status/2059463517984735414,proposed,
"the Government of South Sudan, the SPLA‑IO, and all par",South Sudan,hs_sweep,2026-05-27,1,https://x.com/MSF_SouthAsia/status/2059603080228786189,proposed,
Somali government in Mogadishu second.😂😂😂😂idoor dream a lo,Somalia,hs_sweep,2026-05-28,1,https://x.com/sabeel_ibr56386/status/2059484777523159173,proposed,
built government for. If you Somali refugee you run to Ga,Somalia,hs_sweep,2026-05-28,1,https://x.com/SaedMohamu58712/status/2059614285995901323,proposed,
our government thus ending up endangering the lives of,Kenya,hs_sweep,2026-05-29,1,https://x.com/ItsGichuruRaini/status/2060237433719881776,proposed,
our Government serious ???,Kenya,hs_sweep,2026-05-29,1,https://x.com/Annmitchel5/status/2060233177273135588,proposed,
every somali must be from somalia. Fking faqash thinks we r sheep.,Somalia,hs_sweep,2026-05-30,1,https://x.com/xxx_kingahmed/status/2060389871659704322,proposed,
"with government at home, own Affordable Housing Programm",Kenya,hs_sweep,2026-05-30,1,https://x.com/WilliamsRuto/status/2060318856061522115,proposed,
"the government highlighted that over 540,000 Kenyans ha",Kenya,hs_sweep,2026-05-31,1,https://x.com/Linet_Onyi/status/2061007689434505464,proposed,
the government continues to expand global employment pa,Kenya,hs_sweep,2026-06-01,1,https://x.com/bazenga_mkuru/status/2061008905363222617,proposed,
Somali government forces (‘Faqash’) and captured all the m,Somalia,hs_sweep,2026-06-02,1,https://x.com/MHudisha27306/status/2061536601050653050,proposed,
"these kids are a reflection of who you are. 2013,2017,2022 you vo",Kenya,hs_sweep,2026-06-02,1,https://x.com/MwauraRobert2/status/2061397440306061425,proposed,
led government in Port Sudan.,South Sudan,hs_sweep,2026-06-02,1,https://x.com/AdwaDefStrategy/status/2061566918390063159,proposed,
the regime advanced with about 500 troops from the,South Sudan,hs_sweep,2026-06-02,1,https://x.com/DMGEnglish/status/2061712168261730403,proposed,
the regime is resupplying junta troops in Saw Town,South Sudan,hs_sweep,2026-06-02,1,https://x.com/DMGEnglish/status/2061712168261730403,proposed,
The regime has reportedly deployed massive reinforc,South Sudan,hs_sweep,2026-06-02,1,https://x.com/DMGEnglish/status/2061712168261730403,proposed,
These guys are using the same playbook. You may feel helpless but,Kenya,hs_sweep,2026-06-03,1,https://x.com/DrMumbiSeraki/status/2062039370417258824,proposed,
hii regime ya Ruto na Ebola hakuna kazi sitafanya.,Kenya,hs_sweep,2026-06-03,1,https://x.com/Kushmapesa/status/2061795337723916591,proposed,
"between government forces and opposition militias, raising",Somalia,hs_sweep,2026-06-04,1,https://x.com/ProfGeesinimo/status/2062288877289660419,proposed,
federal government and opposition leaders over governance a,Somalia,hs_sweep,2026-06-04,1,https://x.com/GaroweOnline/status/2062137470762848427,proposed,
every investment must come with morning sickness.,Kenya,hs_sweep,2026-06-04,1,https://x.com/JCarhire/status/2062140913846256067,proposed,
These steps will enable progress towards a comprehensive peace and,South Sudan,hs_sweep,2026-06-04,1,https://x.com/HibaNasr/status/2062304134230114473,proposed,
every somali is an important child to our nation we don’t need to,Somalia,hs_sweep,2026-06-04,1,https://x.com/yuriandyaoi69/status/2062281921485209835,proposed,
Kenyan government has come across as weak and gullible bec,Kenya,hs_sweep,2026-06-05,1,https://x.com/citizentvkenya/status/2062621117756354901,proposed,
The government of South Sudan remains with only 28% fro,South Sudan,hs_sweep,2026-06-05,1,https://x.com/akech_andrew/status/2062584626841784323,proposed,
corrupt regime that actively discriminates against citi,South Sudan,hs_sweep,2026-06-05,1,https://x.com/cobbo3/status/2062535184248177139,proposed,
or government can arrive and establish a nature conser,South Sudan,hs_sweep,2026-06-05,1,https://x.com/cobbo3/status/2062535184248177139,proposed,
succeeding government steals more than the previous but Kenya,Kenya,hs_sweep,2026-06-05,1,https://x.com/DonaldBKipkorir/status/2062612213425226087,proposed,
with government forces. This dual suspicion places the t,South Sudan,hs_sweep,2026-06-06,1,https://x.com/MirabelNAkwo/status/2062754794708545779,proposed,
official government position on the latest arrest leaves sev,South Sudan,hs_sweep,2026-06-06,1,https://x.com/MirabelNAkwo/status/2062754794708545779,proposed,
"failed regime change plot, the West continues to do ev",South Sudan,hs_sweep,2026-06-06,1,https://x.com/Spearhead_Af/status/2062888656122040554,proposed,
"sanctions regime
•UN Security Council Resolution 751: Som",South Sudan,hs_sweep,2026-06-06,1,https://x.com/ajosephstyl3/status/2062623309326594548,proposed,
"sanctions regime
Source: U.S. Treasury OFAC | U.S. https:",South Sudan,hs_sweep,2026-06-06,1,https://x.com/ajosephstyl3/status/2062623309326594548,proposed,
the government and people of Mozambique.,South Sudan,hs_sweep,2026-06-07,1,https://x.com/RonaldLamola/status/2063339757590188513,proposed,
the Government of Ghana in repatriating its citizens in,South Sudan,hs_sweep,2026-06-07,1,https://x.com/RonaldLamola/status/2063339757590188513,proposed,
African government remains committed to regional integratio,South Sudan,hs_sweep,2026-06-07,1,https://x.com/RonaldLamola/status/2063339757590188513,proposed,
"these issues are accommodated because money can still be made, Afri",South Sudan,hs_sweep,2026-06-07,1,https://x.com/daddyhope/status/2063337671267852613,proposed,
these tensions are often created at the highest levels of political l,South Sudan,hs_sweep,2026-06-07,1,https://x.com/daddyhope/status/2063337671267852613,proposed,
African government must deal with its consequences in hospi,South Sudan,hs_sweep,2026-06-07,1,https://x.com/daddyhope/status/2063337671267852613,proposed,
African government does not have the courage to stand up to,South Sudan,hs_sweep,2026-06-07,1,https://x.com/daddyhope/status/2063337671267852613,proposed,
UDA government and resist plan to establish Ebola withi,Kenya,hs_sweep,2026-06-08,1,https://x.com/Honcalebamisi/status/2063643829580751035,proposed,
kill government officials,Somalia,hs_sweep,2026-06-08,1,https://x.com/SafiaYasin/status/2063681918185722281,proposed,
s government has said only one person was killed in c,Somalia,hs_sweep,2026-06-08,1,https://x.com/MMSomalitv/status/2063548505222684716,proposed,
the government faces rising political and security tens,Somalia,hs_sweep,2026-06-08,1,https://x.com/SomaliaTodayHQ/status/2063619063520149928,proposed,
the government and opposition-aligned armed groups.,Somalia,hs_sweep,2026-06-08,1,https://x.com/SomaliaTodayHQ/status/2063619063520149928,proposed,
the government of using force to suppress dissent. The,Somalia,hs_sweep,2026-06-08,1,https://x.com/SomaliaTodayHQ/status/2063619063520149928,proposed,
"former government of President Juvénal Habyarimana, which,",South Sudan,hs_sweep,2026-06-09,1,https://x.com/ShemaYolo/status/2063901917454176591,proposed,
and regime change are fast emerging from the coloni,South Sudan,hs_sweep,2026-06-09,1,https://x.com/Progress4Afrika/status/2064104151370600782,proposed,
led regime change aligned with the interests of whi,South Sudan,hs_sweep,2026-06-09,1,https://x.com/Progress4Afrika/status/2064104151370600782,proposed,
"his administration to deliver to Kenyans, William Ruto has",South Sudan,hs_sweep,2026-06-09,1,https://x.com/generali_osumo/status/2063905381579919850,proposed,
Kwanza government after a rally where Moses Wetang'ula and,Kenya,hs_sweep,2026-06-09,1,https://x.com/KenyanSays/status/2063954577905397851,proposed,
"with government officials. I'm disappointed in you, and",South Sudan,hs_sweep,2026-06-10,1,https://x.com/NigAffairs/status/2064439514131571096,proposed,
s government is ultimately a reflection of the nation,Somalia,hs_sweep,2026-06-10,1,https://x.com/Hiraabeadow/status/2064244206369935396,proposed,
These successes are the result of disciplined cooperation. When we poo,South Sudan,hs_sweep,2026-06-10,1,https://x.com/Abramjee/status/2064436152686490071,proposed,
a government capable of protecting the rights of its,Somalia,hs_sweep,2026-06-10,1,https://x.com/DahirAlasow1/status/2064135927140614462,proposed,
"Expansion

Government investments have also focused on expandi",Kenya,hs_sweep,2026-06-10,1,https://x.com/steady_cz/status/2064408766238568824,proposed,
every famliy is diffrent. From tribe there’s another inner tribe a,Somalia,hs_sweep,2026-06-11,1,https://x.com/razznpin/status/2064566378393121194,proposed,
This government is so out of touch with us everyday CANA,Somalia,hs_sweep,2026-06-11,1,https://x.com/DefazioIvano/status/2064659629091504190,proposed,
s regime must stop auctioning our sovereignty to,Kenya,hs_sweep,2026-06-11,1,https://x.com/RevolutionCPM/status/2064587806505050476,proposed,
Nigerian government was able to go into another country Keny,Kenya,hs_sweep,2026-06-11,1,https://x.com/KizyUzoma/status/2064783164539904491,proposed,
These insights will help shape the establishment of Kenya’s proposed M,Kenya,hs_sweep,2026-06-11,1,https://x.com/NPSOfficial_KE/status/2064681796495634663,proposed,
key government initiative. This approach aims to enhanc,Kenya,hs_sweep,2026-06-11,1,https://x.com/NPSOfficial_KE/status/2064681796495634663,proposed,
for Government Projects in the Office of the Prime Cabi,Kenya,hs_sweep,2026-06-11,1,https://x.com/NPSOfficial_KE/status/2064681796495634663,proposed,
Somali government in 1960s. The first burial site treasure,Somalia,hs_sweep,2026-06-12,1,https://x.com/FaroleMax/status/2065110995882963327,proposed,
Somali government in #Mogadishu as far as I know. The Amer,Somalia,hs_sweep,2026-06-12,1,https://x.com/FaroleMax/status/2065110995882963327,proposed,
"as government exists, borrowings never end",Kenya,hs_sweep,2026-06-12,1,https://x.com/citizentvkenya/status/2065094798743044206,proposed,
the government plug the Ksh 1.11 trillion deficit for F,Kenya,hs_sweep,2026-06-12,1,https://x.com/ntvkenya/status/2064954104862929270,proposed,
against government forces in the late 1980s. Read history b,Somalia,hs_sweep,2026-06-12,1,https://x.com/sabeel_ibr/status/2065217377462043091,proposed,
urgent government intervention to address growing insecuri,Kenya,hs_sweep,2026-06-13,1,https://x.com/KTNNewsKE/status/2065744316027253226,proposed,
no regime will ever again manipulate the lives of,Kenya,hs_sweep,2026-06-13,1,https://x.com/rigathi/status/2065511806286823589,proposed,
of government reshuffles. The changes come amid growin,South Sudan,hs_sweep,2026-06-13,1,https://x.com/EdwardMcGrath01/status/2065360309628387579,proposed,
federal government is finalizing the transition to universa,Somalia,hs_sweep,2026-06-13,1,https://x.com/SONNALIVE/status/2065419817369104739,proposed,
these counterattacks is currently unknown. They began this operation aroun,South Sudan,hs_sweep,2026-06-14,1,https://x.com/AMK_Mapping_/status/2065693200258646274,proposed,
"Local Government Areas, covering Rigasa and other communi",South Sudan,hs_sweep,2026-06-14,1,https://x.com/ubasanius/status/2065863769998164140,proposed,
Transitional Government of National Unity (RTGoNU) and the Afric,South Sudan,hs_sweep,2026-06-14,1,https://x.com/ssemtv/status/2065821937142566947,proposed,
Somali Government officials and key food safety stakeholde,Somalia,hs_sweep,2026-06-14,1,https://x.com/KephisKe/status/2065774666199814259,proposed,
federal government of Somalia taxes livestock exports from,Somalia,hs_sweep,2026-06-14,1,https://x.com/Deee_luul/status/2065867724727726150,proposed,
"generous government incentives, while genuine agriculture fo",Kenya,hs_sweep,2026-06-15,1,https://x.com/FGaitho237/status/2065948343616823752,proposed,
"Kenyatta administration needs to be investigated. Actually, it i",Kenya,hs_sweep,2026-06-15,1,https://x.com/kulanpost/status/2066227735765078385,proposed,
of Government Buildings unit when a drug trafficking c,Kenya,hs_sweep,2026-06-15,1,https://x.com/ntvkenya/status/2066239770070528364,proposed,
"Trump Administration in March 2017, demanding an out-of-cycle",South Sudan,hs_sweep,2026-06-15,1,https://x.com/AbongeCollins/status/2066175660121571540,proposed,
Trump Administration that the restrictions were going to cost,South Sudan,hs_sweep,2026-06-15,1,https://x.com/AbongeCollins/status/2066175660121571540,proposed,
States government warned that the restrictions violated th,South Sudan,hs_sweep,2026-06-15,1,https://x.com/AbongeCollins/status/2066175660121571540,proposed,
after government protest https://t.co/2clevm8crk,Kenya,hs_sweep,2026-06-16,1,https://x.com/Kenyans/status/2066530403041644711,proposed,
Kenyan Government is  splashing money in Western Kenya lef,Kenya,hs_sweep,2026-06-16,1,https://x.com/KenyanSays/status/2066431669628698729,proposed,
National Government and County Governments for the 2026/27 F,Kenya,hs_sweep,2026-06-16,1,https://x.com/WilliamsRuto/status/2066428655316726142,proposed,
in government and swore elections were always free and,Kenya,hs_sweep,2026-06-16,1,https://x.com/Dr_AustinOmondi/status/2066536955613962502,proposed,
"the government and the public, while a man lay dying on",South Sudan,hs_sweep,2026-06-16,1,https://x.com/aceadda/status/2066556815857311773,proposed,
secessionist administration of northern Somalia outside the framewor,Somalia,hs_sweep,2026-06-17,1,https://x.com/Somalieye122/status/2066823238949236750,proposed,
secessionist administration of the northern region of Somalia.” The,Somalia,hs_sweep,2026-06-17,1,https://x.com/AbdiHirsiBulhan/status/2066969848517722512,proposed,
Somali government referring to the north-eastern region as,Somalia,hs_sweep,2026-06-17,1,https://x.com/AbdiHirsiBulhan/status/2066969848517722512,proposed,
Somali government has announced that it will take signific,Somalia,hs_sweep,2026-06-17,1,https://x.com/SMSSomaliTV1/status/2066998608755392810,proposed,
"s government wildlife agency, and cases like this sho",Kenya,hs_sweep,2026-06-17,1,https://x.com/DoctorLemma/status/2066896799680307334,proposed,
Biden Administration America has been Invaded! We must remove,Somalia,hs_sweep,2026-06-18,1,https://x.com/Richard28085664/status/2067046755653349657,proposed,
federal government attempt to introduce Somali heritage in,Somalia,hs_sweep,2026-06-18,1,https://x.com/Bob31685906/status/2067394226711863545,proposed,
Ruto administration is doing serious deforestation across th,Kenya,hs_sweep,2026-06-18,1,https://x.com/MaryK2022/status/2067267604490715177,proposed,
"African government appeasing China. This time, Kenya at the",Kenya,hs_sweep,2026-06-18,1,https://x.com/JMeservey/status/2067236033670824263,proposed,
"Please government bloggers, help us out. Give us those pic",Kenya,hs_sweep,2026-06-18,1,https://x.com/AnuarSaddat/status/2067261315215700237,proposed,
"senior government officials, UN agencies, development & hu",Somalia,hs_sweep,2026-06-19,1,https://x.com/NBS_Somalia/status/2067650132460380259,proposed,
in government to mistreat them in unimaginable ways,Kenya,hs_sweep,2026-06-19,1,https://x.com/polo_kimanii/status/2067660919413621138,proposed,
The government says the amendments are intended to impr,Kenya,hs_sweep,2026-06-19,1,https://x.com/Kenya_Digest/status/2067680988809900478,proposed,
fund government programmes in the 2026/2027 financial ye,Kenya,hs_sweep,2026-06-19,1,https://x.com/Kenya_Digest/status/2067680988809900478,proposed,
This regime has made the lives of kenyans very diffi,Kenya,hs_sweep,2026-06-19,1,https://x.com/TaweMovement1/status/2067638536346411379,proposed,
these bots are impersonating women btw.,Somalia,hs_sweep,2026-06-20,1,https://x.com/HangingByA/status/2068060632977453342,proposed,
"these branches are associated with Dir-related communities, including",Somalia,hs_sweep,2026-06-20,1,https://x.com/Guntigaab/status/2067921763447472340,proposed,
a government based on constitutionalism and rule of l,Kenya,hs_sweep,2026-06-20,1,https://x.com/dkmaraga/status/2067901495677157710,proposed,
"These three are now in custody, undergoing processing pending arra",Kenya,hs_sweep,2026-06-20,1,https://x.com/DCI_Kenya/status/2067894885827383779,proposed,
the administration block and vandalising the offices of the,Kenya,hs_sweep,2026-06-20,1,https://x.com/DCI_Kenya/status/2067894885827383779,proposed,
"and government facilities using suicide bombers, car bo",Somalia,hs_sweep,2026-06-21,1,https://x.com/pmosligo/status/2068249047446507564,proposed,
This administration is playing a dangerous game. They assume,Kenya,hs_sweep,2026-06-21,1,https://x.com/sholard_mancity/status/2068292541527798090,proposed,
urgent government intervention as illegal gold mining cont,Kenya,hs_sweep,2026-06-21,1,https://x.com/ntvkenya/status/2068273557797281872,proposed,
the government to build a world-class Presidential Cent,Kenya,hs_sweep,2026-06-21,1,https://x.com/KijanayaKabras/status/2068319770126999678,proposed,
kwanza government under kasongo's leadership. The real bot,Kenya,hs_sweep,2026-06-21,1,https://x.com/Realkangethe/status/2068124939417276630,proposed,
the government and law enforcement agencies to ensure a,Somalia,hs_sweep,2026-06-22,1,https://x.com/BaidoaOnline/status/2068724558425657662,proposed,
Every generation is handed a cause.,Kenya,hs_sweep,2026-06-22,1,https://x.com/MwangiBonnie/status/2068575465036558448,proposed,
from government contracts to companies associated with C,Kenya,hs_sweep,2026-06-22,1,https://x.com/MwangiBonnie/status/2068575465036558448,proposed,
Zimbabwean government paid the supplier. The report concluded,Kenya,hs_sweep,2026-06-22,1,https://x.com/MwangiBonnie/status/2068575465036558448,proposed,
a government that repeatedly embraces and appoints in,Kenya,hs_sweep,2026-06-22,1,https://x.com/MwangiBonnie/status/2068575465036558448,proposed,
These people will force you to group yourself with them so they can,Somalia,hs_sweep,2026-06-23,1,https://x.com/gomugoronomi/status/2068994982707404995,proposed,
Regional Administration has deployed numerous water tankers to t,Somalia,hs_sweep,2026-06-23,1,https://x.com/SMSSomaliTV1/status/2069072279141597211,proposed,
Regional Administration has made significant efforts to remove w,Somalia,hs_sweep,2026-06-23,1,https://x.com/SMSSomaliTV1/status/2069073350459060446,proposed,
the Government of Kenya and Japan’s Nippon Export and I,Kenya,hs_sweep,2026-06-23,1,https://x.com/GovLeeKinyanjui/status/2069111462857949395,proposed,
s government https://t.co/v8X9KDgMoj https://t.co/hXc,Kenya,hs_sweep,2026-06-23,1,https://x.com/ntvkenya/status/2068986101709348958,proposed,
"together government institutions, SSF donor partners and the",Somalia,hs_sweep,2026-06-24,1,https://x.com/MoIFARSomalia/status/2069380178745188854,proposed,
"of government led, risk informed and coordinated suppo",Somalia,hs_sweep,2026-06-24,1,https://x.com/MoIFARSomalia/status/2069380178745188854,proposed,
federal government or the risk of fueling further instabili,Somalia,hs_sweep,2026-06-24,1,https://x.com/sov_media/status/2069509308111577218,proposed,
Federal Government of Somalia (FGS) supporters Turkey and S,Somalia,hs_sweep,2026-06-24,1,https://x.com/criticalthreats/status/2069446423830048832,proposed,
Somali government or President Hassan Sheikh Mohamud’s off,Somalia,hs_sweep,2026-06-24,1,https://x.com/BaidoaOnline/status/2069405738275877149,proposed,
The administration based in Mogadishu exercises little mean,Somalia,hs_sweep,2026-06-25,1,https://x.com/hakiim2014/status/2069868642410406225,proposed,
"the government lacks credibility and effectiveness, des",Somalia,hs_sweep,2026-06-25,1,https://x.com/hakiim2014/status/2069868642410406225,proposed,
compromised administration with alleged ties to jihadist militants,Somalia,hs_sweep,2026-06-25,1,https://x.com/hakiim2014/status/2069868642410406225,proposed,
the government must open an awareness campaign about wh,Somalia,hs_sweep,2026-06-25,1,https://x.com/jaaamaa422/status/2069756227781820642,proposed,
Federal Government of #Somalia and the leadership of Galmud,Somalia,hs_sweep,2026-06-25,1,https://x.com/GaroweOnline/status/2069719664549150810,proposed,
the government turned against its own people to kill ju,Kenya,hs_sweep,2026-06-26,1,https://x.com/Samk372/status/2069985612271124616,proposed,
"These crises are driven by different combinations of war, insurgenc",South Sudan,hs_sweep,2026-06-26,1,https://x.com/MaxCrypto888/status/2070137437767041355,proposed,
these crises is essential. Behind every statistic are families str,South Sudan,hs_sweep,2026-06-26,1,https://x.com/MaxCrypto888/status/2070137437767041355,proposed,
the Government of the Republic of Korea 🇰🇷 as both co-i,South Sudan,hs_sweep,2026-06-26,1,https://x.com/unicef4koreagov/status/2070030953289056575,proposed,
ALL PEOPLE MUST PREPARE FOR DEPARTURE REGARDLESS OF NATONALITY,South Sudan,hs_sweep,2026-06-26,1,https://x.com/BNorega12700/status/2070018267649900598,proposed,
federal government to end Temporary Protected Status (TPS),South Sudan,hs_sweep,2026-06-27,1,https://x.com/DropSiteNews/status/2070358699110011359,proposed,
of regime change producing state collapse,South Sudan,hs_sweep,2026-06-27,1,https://x.com/agtprpnabsrdty/status/2070532641695076808,proposed,
the Government of Sudan. The first was that he had rece,South Sudan,hs_sweep,2026-06-27,1,https://x.com/SudaneseEcho/status/2070607584407568446,proposed,
These countries are commonly described as “failed” or severely failed,South Sudan,hs_sweep,2026-06-27,1,https://x.com/FactsverseHQ/status/2070471618003173529,proposed,
oppressive regime in my books if you ask me.,Kenya,hs_sweep,2026-06-27,1,https://x.com/NgatiaThumari/status/2070417200347803692,proposed,
a government to respect a civilization. You do not ha,Kenya,hs_sweep,2026-06-28,1,https://x.com/Ivory1957/status/2070898243592986692,proposed,
incumbent government bears the primary responsibility for ens,South Sudan,hs_sweep,2026-06-28,1,https://x.com/ssemtv/status/2070817114424766630,proposed,
the government to embrace an inclusive political dialog,South Sudan,hs_sweep,2026-06-28,1,https://x.com/ssemtv/status/2070817114424766630,proposed,
under government scholarship in Ethiopia have reportedly,South Sudan,hs_sweep,2026-06-28,1,https://x.com/emmanuel_woja/status/2070755083524919790,proposed,
s government has used Israeli arms and surveillance e,South Sudan,hs_sweep,2026-06-28,1,https://x.com/Ivory1957/status/2070876345739907279,proposed,
Trump Administration has signed deals with roughly 30 countri,South Sudan,hs_sweep,2026-06-29,1,https://x.com/WallStreetApes/status/2071312895619875245,proposed,
the government investigate the source of my poverty whe,South Sudan,hs_sweep,2026-06-29,1,https://x.com/Chuks_DNaijaGuy/status/2071240253461942319,proposed,
the government of South Sudan started investigating the,South Sudan,hs_sweep,2026-06-29,1,https://x.com/Chuks_DNaijaGuy/status/2071240253461942319,proposed,
a government that isn't interested in knowing the sou,South Sudan,hs_sweep,2026-06-29,1,https://x.com/Chuks_DNaijaGuy/status/2071240253461942319,proposed,
in government fraud schemes. How about immigrants from,South Sudan,hs_sweep,2026-06-29,1,https://x.com/DelmontPaulJ/status/2071307384408903875,proposed,
every Congolese is supposed to be a Lingala. Does Loving your Music m,Kenya,hs_sweep,2026-06-30,1,https://x.com/AsiimweJago/status/2071533731756523803,proposed,
Federal Government with promoting the General Welfare of AM,South Sudan,hs_sweep,2026-06-30,1,https://x.com/rnovak1988/status/2071692854007849280,proposed,
EVERY COOM WILL REALLY HELP 🙏🏳️‍🌈🏳️‍⚧️,South Sudan,hs_sweep,2026-06-30,1,https://x.com/h_astrano/status/2071712062200275408,proposed,
"s government waste? Lets fix us first South Sudan, Si",South Sudan,hs_sweep,2026-06-30,1,https://x.com/stevieben93/status/2071633289140375729,proposed,
the Government of Sudan. 👇 https://t.co/GQjJWkReCy,South Sudan,hs_sweep,2026-06-30,1,https://x.com/bint_al_sudan/status/2071629992430121340,proposed,
kalonzo government should that guy get a seat. Expect triba,Kenya,hs_sweep,2026-07-01,1,https://x.com/KComolor/status/2071949626094018714,proposed,
UDA government deserved the majority shares in the new,Kenya,hs_sweep,2026-07-01,1,https://x.com/mwarsama/status/2072018979212886017,proposed,
the administration deserve to reap the rewards first.,Kenya,hs_sweep,2026-07-01,1,https://x.com/mwarsama/status/2072018979212886017,proposed,
the government to a corporate company where citizens ho,Kenya,hs_sweep,2026-07-01,1,https://x.com/mwarsama/status/2072018979212886017,proposed,
Kwanza Government coalition should be the first in line fo,Kenya,hs_sweep,2026-07-01,1,https://x.com/mwarsama/status/2072018979212886017,proposed,
r government appointments and development projects.,Kenya,hs_sweep,2026-07-01,1,https://x.com/mwarsama/status/2072018979212886017,proposed,
the government was united.,Kenya,hs_sweep,2026-07-01,1,https://x.com/mwarsama/status/2072018979212886017,proposed,
"a government banquet, schoolgirls sang of rebels who",Somalia,hs_sweep,2026-07-02,1,https://x.com/westtoeastt/status/2072123060900253905,proposed,
backed regime of President Siad Barre. Operating from,Somalia,hs_sweep,2026-07-02,1,https://x.com/westtoeastt/status/2072123060900253905,proposed,
"These allegations are false, reckless, and intended to sow division with",Kenya,hs_sweep,2026-07-02,1,https://x.com/Honcalebamisi/status/2072217428658962617,proposed,
"repressive regime during the GenZ protest in 2024, I was i",Kenya,hs_sweep,2026-07-02,1,https://x.com/Honcalebamisi/status/2072217428658962617,proposed,
"in government , obey street manners too. No individual",Kenya,hs_sweep,2026-07-02,1,https://x.com/Honcalebamisi/status/2072217428658962617,proposed,
very regime we seek to replace. The future belongs t,Kenya,hs_sweep,2026-07-02,1,https://x.com/Honcalebamisi/status/2072217428658962617,proposed,
"These clades are actually common among some somalis, which may impl",Somalia,hs_sweep,2026-07-03,1,https://x.com/WeBantu99863/status/2072546851488756043,proposed,
"and Government of the AU,",Kenya,hs_sweep,2026-07-03,1,https://x.com/mats56455/status/2072620696136540189,proposed,
Our government has disappointed us in every way.,South Sudan,hs_sweep,2026-07-03,1,https://x.com/engr_mayar/status/2072815904400814335,proposed,
"own government cannot protect you from insurgency, your",South Sudan,hs_sweep,2026-07-03,1,https://x.com/MusaaRonalds/status/2072666661497245764,proposed,
The government has made it clear: they will be deported,South Sudan,hs_sweep,2026-07-03,1,https://x.com/MusaaRonalds/status/2072666661497245764,proposed,
"run government from scratch -- central bank, $3.3B oil",South Sudan,hs_sweep,2026-07-04,1,https://x.com/ShadowPatriotUS/status/2072873474331226515,proposed,
All colours are beautiful because they speak the same universal la,South Sudan,hs_sweep,2026-07-04,1,https://x.com/Bob___dee/status/2072984928199884871,proposed,
is government and government is Mungiki!!!,Kenya,hs_sweep,2026-07-04,1,https://x.com/Willykamau01/status/2072989181597397441,proposed,
ARAB GOVERNMENT NAZI KLAN APPLE CORPORATION TERRORIST CU,South Sudan,hs_sweep,2026-07-04,1,https://x.com/44WARING/status/2073089033232646297,proposed,
with government and partners to monitor medicine availab,Kenya,hs_sweep,2026-07-04,1,https://x.com/RichardAmenyah/status/2073056465019937128,proposed,
all we should be proud about? That is why Kenya is now a constru,Kenya,hs_sweep,2026-07-05,1,https://x.com/EmmanuelMotelin/status/2073323292765876399,proposed,
the regime like the Kiganjo D(minus) DCI killer goo,Kenya,hs_sweep,2026-07-05,1,https://x.com/FGaitho237/status/2073360589087240701,proposed,
Kibaki regime set out to “eradicate” the Mungiki sect,Kenya,hs_sweep,2026-07-05,1,https://x.com/FGaitho237/status/2073360589087240701,proposed,
the regime changes the definition of “problematic.”,Kenya,hs_sweep,2026-07-05,1,https://x.com/FGaitho237/status/2073360589087240701,proposed,
These specifics are not reported in mainstream outlets.,South Sudan,hs_sweep,2026-07-05,1,https://x.com/daveatherton/status/2073309385820971219,proposed,
"These guys will be caught tomorrow,you forgot the whole security d",Somalia,hs_sweep,2026-07-06,1,https://x.com/waamokingg/status/2073865219403665784,proposed,
"senior government officials, business leaders, development",Somalia,hs_sweep,2026-07-06,1,https://x.com/sntvnews1/status/2073796577949307061,proposed,
The regime and its intelligence apparatus understan,Kenya,hs_sweep,2026-07-06,1,https://x.com/FGaitho237/status/2073693736425406868,proposed,
"meet government officials, peace partners and other stak",South Sudan,hs_sweep,2026-07-06,1,https://x.com/cgtnafrica/status/2073820469875155292,proposed,
"by government forces and fled toward Jonglei State, wi",South Sudan,hs_sweep,2026-07-06,1,https://x.com/cgtnafrica/status/2073841645833863301,proposed,
th government officials condemning the incident as an,South Sudan,hs_sweep,2026-07-06,1,https://x.com/cgtnafrica/status/2073841645833863301,proposed,
"federal government still has a meaningful role , or whether",Somalia,hs_sweep,2026-07-07,1,https://x.com/Siad_A/status/2073928417704300856,proposed,
the government will borrow SACCO savings for the Nation,Kenya,hs_sweep,2026-07-07,1,https://x.com/hivileo1/status/2074180333868625953,proposed,
Sudanese government source told Mada Masr that widespread re,South Sudan,hs_sweep,2026-07-07,1,https://x.com/MadaMasr/status/2074105495023935938,proposed,
"Transitional Government of National Unity, with elections expect",South Sudan,hs_sweep,2026-07-07,1,https://x.com/UbuntuRadioZA/status/2074110187565187445,proposed,
The government said the reductions are intended to help,South Sudan,hs_sweep,2026-07-07,1,https://x.com/TheCBIJ/status/2074266634064150742,proposed,
