handle,platform,country,first_seen,last_seen,flags
@1109Patricia,x,Somalia,2026-06-17,2026-06-17,2
@16tmAleco,x,Kenya,2026-06-08,2026-06-09,5
@1ts_me_bambi,x,Somalia,2026-03-27,2026-03-27,2
@4thPresidentKE,x,Kenya,2026-06-22,2026-06-23,4
@5Pillarsuk,x,Somalia,2026-06-10,2026-06-10,2
@678Hank,x,South Sudan,2026-04-19,2026-04-19,2
@6ixbuzztv,x,Somalia,2026-06-11,2026-06-11,2
@88mxn,x,South Sudan,2026-04-21,2026-04-21,7
@ACRA_SouthSudan,x,South Sudan,2026-06-25,2026-06-27,4
@ACeegaag,x,Somalia,2026-04-16,2026-04-16,3
@AHHirad,x,Somalia,2026-06-20,2026-06-20,2
@AHLUSSUNNAHFW,x,Somalia,2026-06-13,2026-06-13,2
@AJEnglish,x,Kenya,2026-06-05,2026-06-24,9
@AMacheusi,x,Somalia,2026-04-27,2026-04-27,4
@ASA_Today,x,South Sudan,2026-06-29,2026-06-29,2
@AYUZMedia,x,Somalia,2026-03-29,2026-03-29,6
@AbabuNamwamba,x,South Sudan,2026-06-17,2026-06-17,2
@AbdiAsisGadari,x,Somalia,2026-06-27,2026-06-27,3
@AbdiDr,x,Somalia,2026-03-23,2026-03-23,4
@AbdiHirsiBulhan,x,Somalia,2026-06-17,2026-06-17,3
@AbdihakimBeegsi,x,Somalia,2026-04-20,2026-04-20,2
@AbdikadarM53300,x,Kenya,2026-03-30,2026-03-30,2
@Abdikarindahirr,x,Somalia,2026-06-16,2026-06-16,4
@AbdisatarGelle,x,Somalia,2026-06-20,2026-06-20,3
@Abdulka97752059,x,Somalia,2026-05-16,2026-06-27,5
@AbhorrentMustie,x,Somalia,2026-06-17,2026-06-17,2
@AbongeCollins,x,South Sudan,2026-06-15,2026-06-15,2
@Abramjee,x,South Sudan,2026-06-10,2026-06-10,2
@AbsoluteNomadic,x,Somalia,2026-05-21,2026-05-21,2
@Abukarawale,x,Somalia,2026-06-18,2026-06-18,3
@AdaliWarsame,x,South Sudan,2026-04-18,2026-04-19,10
@AdhieuLibby,x,South Sudan,2026-06-28,2026-06-28,3
@AdityaMandagie,x,Somalia,2026-04-20,2026-04-22,22
@AdwaDefStrategy,x,South Sudan,2026-06-24,2026-06-24,2
@AfriMEOSINT,x,South Sudan,2026-03-29,2026-06-18,16
@AfricaFirsts,x,South Sudan,2026-04-28,2026-04-28,2
@AfricaViewFacts,x,South Sudan,2026-06-25,2026-06-25,2
@Africa_lix,x,South Sudan,2026-04-18,2026-04-18,4
@AfricaisHOME2,x,South Sudan,2026-06-29,2026-06-29,2
@AfricanArchives,x,Kenya,2026-06-23,2026-06-23,4
@AfricanHub_,x,South Sudan,2026-06-27,2026-06-27,2
@Africanistkemte,x,Kenya,2026-04-20,2026-06-19,4
@Afriscousee,x,Somalia,2026-06-05,2026-06-05,2
@AhmedIAbdi1,x,Somalia,2026-06-26,2026-06-26,2
@AhmedMirab,x,Kenya,2026-06-16,2026-06-16,2
@AhmedMoonshot84,x,Somalia,2026-04-23,2026-04-24,8
@Ajuoga954271,x,Kenya,2026-06-17,2026-06-17,2
@Alaidin1434,x,Somalia,2026-06-17,2026-06-17,3
@AlexDuncanTX,x,Somalia,2026-06-11,2026-06-11,2
@AliHassanA44670,x,Somalia,2026-04-22,2026-06-29,17
@AliHoosoow,x,Somalia,2026-06-04,2026-06-04,2
@AliMawlid36825,x,Somalia,2026-06-10,2026-06-10,2
@AliSamattar,x,Somalia,2026-04-30,2026-04-30,2
@AlmaANET25,x,South Sudan,2026-04-30,2026-04-30,2
@AlohaaaZ,x,Somalia,2026-04-25,2026-04-25,2
@AmericanMom2022,x,Somalia,2026-05-16,2026-05-16,2
@Amerix_0,x,Kenya,2026-04-27,2026-04-27,2
@Amla2qjn,x,South Sudan,2026-06-29,2026-06-29,5
@AmnestyKenya,x,Kenya,2026-06-17,2026-06-17,2
@AmyMek,x,South Sudan,2026-06-20,2026-06-20,2
@AnisaAl43108370,x,Somalia,2026-05-16,2026-06-13,27
@AnneWaiguru,x,Kenya,2026-04-30,2026-04-30,2
@Annmitchel5,x,Kenya,2026-05-22,2026-06-12,44
@Anthony17mwangi,x,Kenya,2026-04-17,2026-04-17,2
@AnuarSaddat,x,Kenya,2026-06-18,2026-06-18,2
@AokoOtieno_,x,Kenya,2026-06-17,2026-06-22,7
@ApVeng,x,South Sudan,2026-04-17,2026-04-28,34
@ArapTilingi,x,Kenya,2026-06-24,2026-06-24,2
@Araweelo2009,x,Somalia,2026-06-27,2026-06-27,2
@ArlaadiMnetwork,x,Somalia,2026-06-22,2026-06-22,2
@Arthursphere,x,Somalia,2026-06-22,2026-06-22,2
@Ato_galbeedi,x,Somalia,2026-03-28,2026-03-28,4
@AtoyebiPaulB,x,South Sudan,2026-06-10,2026-06-10,2
@Awe_____Sam,x,Kenya,2026-04-19,2026-04-19,2
@Ayaanle0011,x,Somalia,2026-03-30,2026-03-30,6
@Ayyyann99,x,Somalia,2026-03-18,2026-03-28,9
@B19Joshua,x,Somalia,2026-06-23,2026-06-23,3
@BBCWorld,x,South Sudan,2026-06-24,2026-06-24,2
@BONFACE70127657,x,Kenya,2026-04-27,2026-04-27,3
@BaidoaOnline,x,Somalia,2026-06-17,2026-06-25,16
@Banaadir24,x,Somalia,2026-04-23,2026-04-23,2
@BararugMedia,x,Somalia,2026-06-22,2026-06-22,2
@BarkhadMaraykan,x,Somalia,2026-04-23,2026-04-24,6
@Batalale_2024,x,Somalia,2026-04-18,2026-06-23,70
@BaziSomali,x,Somalia,2026-06-24,2026-06-24,3
@BendouziM,x,Somalia,2026-03-26,2026-03-26,4
@BiafraOmalicha,x,South Sudan,2026-06-29,2026-06-29,2
@BiancaNaom1,x,Kenya,2026-06-20,2026-06-24,6
@Biarmonychol,x,South Sudan,2026-06-25,2026-06-25,2
@Billionair1w,x,Kenya,2026-04-20,2026-04-20,5
@Bin_ely,x,Kenya,2026-04-24,2026-04-24,3
@Blogs_Kenya,x,Kenya,2026-04-16,2026-04-16,2
@BoardLotSultan,x,South Sudan,2026-06-11,2026-06-11,2
@Bob31685906,x,Somalia,2026-06-18,2026-06-18,3
@Bobinou92dep,x,Kenya,2026-06-22,2026-06-22,2
@BoboWamboiKuria,x,Kenya,2026-06-20,2026-06-20,2
@BolognaFishMD,x,Somalia,2026-04-16,2026-04-16,2
@BonnieMejja,x,Kenya,2026-05-27,2026-06-04,12
@BookerBiro,x,Kenya,2026-06-12,2026-06-12,2
@BoqorodaSomalia,x,Somalia,2026-06-09,2026-06-09,2
@BosunPipe,x,South Sudan,2026-04-17,2026-04-17,2
@BrandoneNgala,x,Kenya,2026-06-25,2026-06-25,2
@BravinYuri,x,Kenya,2026-06-20,2026-06-20,4
@BreannaMorello,x,Somalia,2026-06-21,2026-06-21,3
@BrianKipki28416,x,Kenya,2026-04-20,2026-04-20,2
@BuildWtPrakhar,x,South Sudan,2026-04-23,2026-04-30,8
@BusInsiderSSA,x,Kenya,2026-06-16,2026-06-21,6
@Bygones_24,x,Kenya,2026-04-20,2026-06-22,7
@ByrentChumo,x,Kenya,2026-06-20,2026-06-20,4
@CANEasternAfric,x,Somalia,2026-06-17,2026-06-17,2
@CGTNEurope,x,South Sudan,2026-03-27,2026-03-27,5
@CHUUMARXAJ,x,Somalia,2026-03-29,2026-03-29,4
@C_3C_3,x,South Sudan,2026-06-29,2026-06-29,4
@C_NyaKundiH,x,Kenya,2026-06-11,2026-06-24,14
@Cabdalleaxmed,x,Somalia,2026-06-23,2026-06-23,3
@CabdulfataaxD,x,Somalia,2026-06-20,2026-06-23,4
@CagedSings,x,South Sudan,2026-04-18,2026-04-18,8
@Cartier186317,x,Somalia,2026-06-03,2026-06-03,2
@CartmanReacts,x,Kenya,2026-06-22,2026-06-22,2
@Cen4infoRes,x,South Sudan,2026-04-23,2026-06-25,7
@Cenk_da1,x,Somalia,2026-06-06,2026-06-06,2
@CessNdiritu,x,Kenya,2026-03-26,2026-03-26,2
@Chalbiwsk,x,South Sudan,2026-04-22,2026-04-22,4
@CheckmateEA,x,Somalia,2026-04-18,2026-04-18,6
@ChegeVic_254,x,Kenya,2026-04-27,2026-04-27,4
@China_V7,x,Somalia,2026-06-24,2026-06-24,3
@Cholatak,x,South Sudan,2026-06-17,2026-06-17,2
@Chuks_DNaijaGuy,x,South Sudan,2026-06-29,2026-06-29,3
@ClintonObonyo,x,Kenya,2026-06-23,2026-06-25,8
@CoachCalito,x,South Sudan,2026-06-28,2026-06-28,2
@Collinativ,x,Kenya,2026-04-23,2026-04-23,4
@ConnieKRO1,x,Somalia,2026-06-21,2026-06-21,2
@CopShakurkihara,x,Kenya,2026-06-18,2026-06-18,2
@CrisisGroup,x,South Sudan,2026-04-20,2026-04-20,2
@CurtisWheat4,x,Somalia,2026-04-19,2026-04-19,2
@DCI_Kenya,x,Kenya,2026-06-17,2026-06-21,12
@DMGEnglish,x,South Sudan,2026-04-26,2026-04-26,2
@DNforHR,x,South Sudan,2026-04-28,2026-04-28,2
@DWaabari1,x,Somalia,2026-06-16,2026-06-24,4
@DahaShire,x,Somalia,2026-06-14,2026-06-14,2
@DahirAlasow1,x,Somalia,2026-06-16,2026-06-16,3
@DalsanTv,x,Somalia,2026-06-20,2026-06-23,5
@DanChepta,x,South Sudan,2026-06-29,2026-06-29,3
@Danhier_BaPPA,x,South Sudan,2026-06-28,2026-06-28,2
@DanielJ2031,x,Kenya,2026-06-21,2026-06-21,2
@DavidNdii,x,Somalia,2026-06-16,2026-06-16,3
@DavidYambio,x,South Sudan,2026-04-19,2026-04-19,2
@Davud_Akh,x,South Sudan,2026-06-17,2026-06-20,8
@Deee_luul,x,South Sudan,2026-06-10,2026-06-24,10
@DefazioIvano,x,Somalia,2026-06-11,2026-06-11,2
@Dehando_Adi,x,South Sudan,2026-04-18,2026-04-18,4
@DieuWedi1,x,Kenya,2026-04-22,2026-04-22,2
@DoctorLemma,x,Kenya,2026-06-17,2026-06-17,3
@DrDennisOuma,x,Kenya,2026-05-18,2026-05-18,2
@DrFaqashSlayer,x,Somalia,2026-04-17,2026-04-17,2
@DrLimukaniMathe,x,South Sudan,2026-06-24,2026-06-24,3
@DrMumbiSeraki,x,Kenya,2026-06-03,2026-06-25,14
@DrWhiteW,x,Kenya,2026-06-22,2026-06-22,2
@Dr_AustinOmondi,x,Kenya,2026-06-16,2026-06-16,3
@Dr_da_Vinci,x,South Sudan,2026-06-26,2026-06-26,2
@DropSiteNews,x,South Sudan,2026-06-27,2026-06-27,2
@Dukeofmandera,x,Kenya,2026-04-30,2026-04-30,2
@EAukot,x,Kenya,2026-03-20,2026-04-24,6
@Eastleighvoice,x,Kenya,2026-03-24,2026-03-24,5
@EdoRepublic,x,South Sudan,2026-04-20,2026-04-20,2
@EltonKarisa,x,Kenya,2026-06-12,2026-06-12,3
@EmmanuelMotelin,x,South Sudan,2026-04-21,2026-04-22,16
@Endgen22,x,Kenya,2026-05-19,2026-05-19,2
@EngNaaji,x,Somalia,2026-04-16,2026-04-16,2
@Ensaalim,x,Somalia,2026-04-25,2026-04-25,2
@Eslanderkow,x,South Sudan,2026-06-12,2026-06-12,2
@EternalFilastin,x,Somalia,2026-04-16,2026-04-16,3
@EvanceO45405994,x,Kenya,2026-06-07,2026-06-07,2
@EvansquezN,x,Kenya,2026-06-24,2026-06-24,2
@ExmuslimsOrg,x,Somalia,2026-06-24,2026-06-24,4
@EyeRadioJuba,x,South Sudan,2026-04-17,2026-06-27,32
@FAOSomalia,x,Somalia,2026-06-23,2026-06-23,2
@FDD,x,Somalia,2026-06-20,2026-06-20,3
@FGaitho237,x,Kenya,2026-06-17,2026-06-27,7
@FactsverseHQ,x,South Sudan,2026-06-27,2026-06-27,3
@FaithOdhiambo8,x,Kenya,2026-06-16,2026-06-16,2
@FaroleMax,x,Somalia,2026-06-12,2026-06-12,2
@FayChep476320,x,Kenya,2026-06-18,2026-06-19,6
@FloodLink,x,Kenya,2026-03-22,2026-03-22,2
@FortPotal1,x,South Sudan,2026-04-18,2026-04-18,4
@FouadHDjama,x,Somalia,2026-06-26,2026-06-26,2
@FredMuitiriri,x,Kenya,2026-04-27,2026-04-27,2
@Fufuuu06946801,x,Somalia,2026-06-14,2026-06-14,2
@GOVERNORKAHUHO1,x,Kenya,2026-03-19,2026-04-17,21
@GTMAC21,x,Somalia,2026-06-22,2026-06-22,2
@GabrielPgxng,x,Somalia,2026-06-13,2026-06-14,5
@GachambaK,x,Kenya,2026-04-27,2026-04-27,4
@Garimian,x,South Sudan,2026-04-24,2026-04-25,8
@GaroweOnline,x,Somalia,2026-06-04,2026-06-25,6
@GathogoBMwangi,x,Kenya,2026-04-24,2026-04-24,2
@GenoInsightsKe,x,South Sudan,2026-06-22,2026-06-22,2
@Gerjed,x,Kenya,2026-04-26,2026-04-26,2
@Ghjuseppe,x,Kenya,2026-06-22,2026-06-22,2
@GideonKimaiyo_,x,Kenya,2026-04-24,2026-04-24,2
@Gilead_1,x,Kenya,2026-04-23,2026-04-23,3
@GlobalActionPW,x,South Sudan,2026-04-19,2026-04-19,31
@Goddie_Ke,x,Kenya,2026-04-22,2026-06-12,13
@Goldfield6,x,Kenya,2026-06-17,2026-06-17,2
@Goricho1Nyam,x,South Sudan,2026-04-16,2026-04-16,4
@GovLeeKinyanjui,x,Kenya,2026-06-23,2026-06-23,3
@Graham_dePenros,x,Somalia,2026-06-21,2026-06-21,3
@Gubanmeere,x,Somalia,2026-05-21,2026-05-21,2
@GukenaFMKenya,x,Kenya,2026-06-02,2026-06-02,2
@GunnerAfrican,x,Kenya,2026-06-23,2026-06-23,2
@Guntigaab,x,Somalia,2026-06-20,2026-06-20,4
@GuverNepew,x,Somalia,2026-05-19,2026-05-19,2
@HAGGOOGANE,x,Somalia,2026-04-21,2026-06-20,6
@HASSAN_A_ELMI,x,Somalia,2026-04-22,2026-06-27,23
@HCCanKenya,x,Kenya,2026-06-23,2026-06-23,2
@HCGCancerCenter,x,Kenya,2026-03-23,2026-03-23,2
@HQNigerianArmy,x,South Sudan,2026-06-11,2026-06-11,2
@HRF,x,South Sudan,2026-04-17,2026-04-17,4
@HabarizaUN,x,South Sudan,2026-04-17,2026-04-17,2
@Halgamaassc99,x,Somalia,2026-06-17,2026-06-17,2
@HalimaAIGutale,x,South Sudan,2026-03-29,2026-03-29,4
@HamedMonta11821,x,South Sudan,2026-06-29,2026-06-29,2
@HamzaAbdiBarre,x,Somalia,2026-06-16,2026-06-21,4
@HangingByA,x,Somalia,2026-06-20,2026-06-20,4
@HassanAKhaire,x,Somalia,2026-06-17,2026-06-17,4
@HassanMcOjwang,x,Kenya,2026-06-22,2026-06-22,2
@Heal_within96,x,South Sudan,2026-06-22,2026-06-22,5
@Heisenbergg1015,x,Somalia,2026-05-21,2026-05-22,5
@HesbonHb,x,Kenya,2026-04-30,2026-04-30,2
@HighChiefOkoro,x,Kenya,2026-06-22,2026-06-22,2
@Hiil_san,x,Somalia,2026-04-18,2026-04-18,2
@Hinata_Kiyoto,x,South Sudan,2026-04-30,2026-04-30,3
@HinduNation__,x,Somalia,2026-06-23,2026-06-23,2
@HollyGrayle,x,South Sudan,2026-04-18,2026-04-18,2
@HonJBMuturi,x,Kenya,2026-06-11,2026-06-11,3
@HonJNyakundi,x,Kenya,2026-06-19,2026-06-20,4
@Honcalebamisi,x,Kenya,2026-06-08,2026-06-23,6
@Honeyfarsafi,x,Kenya,2026-04-22,2026-04-22,5
@HourlyNewsWave,x,Kenya,2026-06-24,2026-06-24,2
@Huseindeyr,x,Somalia,2026-06-24,2026-06-24,2
@IAMartin_,x,Kenya,2026-06-05,2026-06-05,2
@IAmKevintoh,x,Kenya,2026-05-22,2026-05-22,3
@ICRC_SSudan,x,South Sudan,2026-06-26,2026-06-27,4
@ICRISAT,x,South Sudan,2026-06-27,2026-06-27,2
@IGADHealthS,x,South Sudan,2026-06-25,2026-06-25,3
@IGADPeace,x,South Sudan,2026-06-16,2026-06-20,9
@IMC_Worldwide,x,South Sudan,2026-06-28,2026-06-28,3
@INSOinfo,x,South Sudan,2026-04-16,2026-04-16,2
@IOM_EHSA,x,South Sudan,2026-04-18,2026-04-19,6
@Ijabril,x,Somalia,2026-06-17,2026-06-23,6
@IlhamFaleebo,x,Somalia,2026-06-25,2026-06-25,2
@IloveJesus1975,x,South Sudan,2026-04-18,2026-04-23,14
@InaCiddood,x,Somalia,2026-04-16,2026-04-16,4
@InsecurityKE,x,Kenya,2026-04-17,2026-04-17,2
@InsideSomalia2,x,Somalia,2026-06-21,2026-06-21,2
@Is_javan,x,Kenya,2026-06-26,2026-06-26,3
@IsajiBrian1,x,Kenya,2026-04-20,2026-04-20,2
@IsmacilYuusuf,x,Somalia,2026-04-22,2026-04-26,17
@Ismellbs613,x,Somalia,2026-05-22,2026-05-22,2
@IsraelinRwanda,x,Kenya,2026-06-16,2026-06-16,2
@ItsGichuruRaini,x,Kenya,2026-05-20,2026-05-30,4
@Its_ereko,x,Somalia,2026-06-09,2026-06-09,3
@Itx_judith,x,Somalia,2026-06-22,2026-06-22,2
@Ivadleber,x,South Sudan,2026-04-22,2026-05-31,12
@Ivory1957,x,Kenya,2026-06-28,2026-06-28,3
@JBartle44051086,x,Somalia,2026-06-23,2026-06-23,7
@JFJustice,x,South Sudan,2026-04-22,2026-04-22,4
@JMeservey,x,Kenya,2026-06-18,2026-06-18,3
@JSLl960,x,Somalia,2026-04-16,2026-04-30,5
@JUGTACULLUS,x,Somalia,2026-04-27,2026-04-27,5
@JabriilM99309,x,Somalia,2026-04-23,2026-06-29,8
@JamesPGoddard90,x,Somalia,2026-06-21,2026-06-21,2
@JamiiForums_KE,x,Kenya,2026-03-19,2026-03-19,3
@Janetmw25,x,Kenya,2026-05-22,2026-06-04,5
@JaphethOtieno01,x,Kenya,2026-06-24,2026-06-24,2
@JeremyMutiso,x,Kenya,2026-04-17,2026-04-17,2
@Jerome_bg,x,Kenya,2026-06-21,2026-06-21,2
@Jigjigamedia,x,Somalia,2026-06-25,2026-06-25,2
@JimiWanjigi,x,Kenya,2026-06-17,2026-06-17,2
@JoeMuhahami,x,Kenya,2026-05-30,2026-05-30,2
@JohnYool1,x,South Sudan,2026-06-27,2026-06-27,2
@John_F_kJr,x,Somalia,2026-06-18,2026-06-18,2
@JohnnyMvkimura,x,Somalia,2026-05-27,2026-05-27,3
@JosephC85099765,x,Kenya,2026-04-24,2026-04-24,2
@Josephkihiu12,x,Kenya,2026-04-24,2026-06-12,18
@JumaCJ1,x,Kenya,2026-04-16,2026-04-16,2
@JumaaMaest6417,x,Kenya,2026-06-23,2026-06-23,2
@K24Tv,x,Kenya,2026-06-05,2026-06-05,3
@KAGAMEAL,x,Somalia,2026-04-25,2026-04-26,13
@KDJRadioShow,x,Somalia,2026-06-22,2026-06-22,2
@KRACare,x,Kenya,2026-05-28,2026-06-29,7
@KRACorporate,x,Kenya,2026-03-24,2026-03-25,14
@KTNNewsKE,x,Kenya,2026-03-27,2026-06-24,8
@KURAroads,x,Kenya,2026-06-09,2026-06-09,2
@KWSKenya,x,Kenya,2026-06-23,2026-06-23,2
@KaabTV,x,Somalia,2026-06-21,2026-06-25,11
@KabuaJulius,x,Kenya,2026-06-02,2026-06-04,11
@KadarDabeco,x,Somalia,2026-06-24,2026-06-24,2
@KahoyaMuiru,x,Kenya,2026-04-30,2026-06-02,4
@KamBam170,x,Somalia,2026-04-16,2026-04-16,2
@KariukiDiaspora,x,Kenya,2026-06-24,2026-06-24,2
@KarungoThangwa,x,Kenya,2026-06-09,2026-06-09,2
@Katsuva_R,x,Kenya,2026-06-23,2026-06-23,2
@KeRRA_Ke,x,Kenya,2026-04-24,2026-04-24,2
@Keffoh,x,Kenya,2026-04-21,2026-04-21,2
@KelvinWatoka,x,Kenya,2026-04-17,2026-04-26,4
@KenMwohe,x,Kenya,2026-04-27,2026-04-27,2
@Kenancamurcu,x,Somalia,2026-06-20,2026-06-20,3
@Kenlelekoiten,x,Kenya,2026-03-23,2026-03-23,2
@KenyaFraternity,x,Kenya,2026-04-16,2026-06-11,4
@KenyaPower_Care,x,Kenya,2026-06-23,2026-06-23,2
@KenyaRedCross,x,Kenya,2026-03-24,2026-04-17,4
@KenyaWeWant_,x,Kenya,2026-06-16,2026-06-22,10
@Kenya_Digest,x,Kenya,2026-06-19,2026-06-21,9
@KenyanSays,x,Kenya,2026-04-18,2026-06-16,11
@Kenyans,x,Kenya,2026-06-11,2026-06-24,28
@KephisKe,x,Somalia,2026-06-14,2026-06-14,2
@KermaFarmer,x,South Sudan,2026-04-30,2026-04-30,2
@KhadraGar,x,Somalia,2026-06-12,2026-06-17,5
@KhalidY35222324,x,Somalia,2026-04-28,2026-04-28,2
@Khant90366,x,South Sudan,2026-04-27,2026-04-27,4
@KiambuTweep,x,Kenya,2026-04-30,2026-04-30,3
@KibangaBooks,x,Kenya,2026-04-22,2026-04-22,5
@KiberuJimmy,x,Kenya,2026-04-22,2026-04-22,2
@Kibet_bull,x,Kenya,2026-04-30,2026-06-21,15
@Kihoto13840421,x,Kenya,2026-04-26,2026-04-26,2
@Kiir_Adut,x,South Sudan,2026-03-24,2026-06-24,12
@KijanayaKabras,x,Kenya,2026-04-30,2026-06-22,11
@KijaniKenobi327,x,Kenya,2026-04-30,2026-04-30,2
@KillaLando,x,Kenya,2026-04-27,2026-04-27,2
@Kimuzi_,x,Kenya,2026-06-05,2026-06-05,3
@Kipchumba08,x,Kenya,2026-04-22,2026-04-22,2
@KizyUzoma,x,Kenya,2026-06-11,2026-06-11,3
@Koecheruiyot,x,Kenya,2026-03-24,2026-03-25,5
@Kriss_Mojoh,x,Kenya,2026-03-27,2026-03-27,2
@Kusema1000X,x,Somalia,2026-06-17,2026-06-17,3
@Kweklos95,x,South Sudan,2026-04-26,2026-04-26,2
@KyaloIntel,x,Kenya,2026-04-16,2026-04-30,29
@KyaloJon,x,Somalia,2026-04-26,2026-04-26,2
@LBrownKSTP,x,Somalia,2026-06-17,2026-06-17,2
@L_Sng_amrr,x,Somalia,2026-06-11,2026-06-11,3
@LaacibTV,x,Somalia,2026-05-27,2026-06-29,11
@LandofPuntites,x,Somalia,2026-06-21,2026-06-21,3
@LetMeKnowThoo,x,Somalia,2026-04-26,2026-04-26,4
@LevyKingTips,x,Kenya,2026-06-28,2026-06-28,2
@Liban_Bitcoin,x,Somalia,2026-04-22,2026-04-22,2
@LibertyMarieEP,x,Somalia,2026-06-22,2026-06-22,2
@LibertyNut1,x,Somalia,2026-06-25,2026-06-25,2
@Lightcasttvke,x,Kenya,2026-04-16,2026-06-25,27
@LiibaanMuuseXa2,x,Somalia,2026-05-16,2026-05-16,3
@Limooflz678,x,Somalia,2026-06-23,2026-06-23,4
@LokaSeven,x,Kenya,2026-05-22,2026-05-22,2
@LoneStarLegendX,x,Somalia,2026-06-18,2026-06-18,3
@LyricalDoctor6,x,Kenya,2026-03-27,2026-03-27,2
@MAbdirizak,x,Somalia,2026-06-23,2026-06-23,2
@MC_Bosire,x,Kenya,2026-06-16,2026-06-16,2
@MMSomalitv,x,Somalia,2026-06-04,2026-06-25,51
@MMatter_s,x,Kenya,2026-06-26,2026-06-28,4
@MOH_Kenya,x,Kenya,2026-03-23,2026-03-23,2
@MOSSADil,x,South Sudan,2026-06-29,2026-06-29,2
@MPDrAbib,x,Somalia,2026-06-22,2026-06-22,2
@MSF_SouthSudan,x,South Sudan,2026-06-24,2026-06-26,4
@M_kipkemboi,x,Kenya,2026-04-21,2026-04-21,2
@Mabonga_254,x,Kenya,2026-06-24,2026-06-24,2
@MacroBombastic,x,Somalia,2026-04-16,2026-04-16,2
@MadeySiyad,x,Somalia,2026-06-16,2026-06-16,2
@Mahamed81443729,x,Somalia,2026-06-21,2026-06-21,3
@Mahnya27,x,Somalia,2026-06-07,2026-06-07,5
@Mainah10grsfqs,x,Somalia,2026-05-20,2026-05-20,2
@MaithyaVilivu,x,Kenya,2026-04-17,2026-04-17,2
@Majakovsk73,x,South Sudan,2026-06-19,2026-06-19,2
@MakauWaMuli,x,Kenya,2026-04-27,2026-04-28,7
@MakeSenseMarie,x,South Sudan,2026-06-21,2026-06-21,3
@Makiadi_,x,Kenya,2026-04-20,2026-04-20,2
@MakosaNiYangu,x,Kenya,2026-06-05,2026-06-05,3
@Manikipi,x,Somalia,2026-06-23,2026-06-23,2
@Marc_Macuda,x,Kenya,2026-03-19,2026-03-19,3
@MariaSTsehai,x,South Sudan,2026-06-16,2026-06-16,2
@MarioNawfal,x,Kenya,2026-06-24,2026-06-24,2
@Mark60147335736,x,South Sudan,2026-06-29,2026-06-29,4
@Markosonke1,x,South Sudan,2026-06-17,2026-06-17,3
@Marrowmtxv,x,Somalia,2026-06-21,2026-06-21,2
@MartinSwithins,x,Somalia,2026-04-30,2026-04-30,2
@MaryK2022,x,Kenya,2026-06-08,2026-06-18,11
@Maryian96,x,Kenya,2026-06-05,2026-06-22,15
@Mastardcesh,x,Kenya,2026-06-18,2026-06-18,3
@MayadeenEnglish,x,Somalia,2026-06-24,2026-06-24,3
@MayangTut01,x,South Sudan,2026-04-16,2026-06-25,7
@MedTrackMode,x,Kenya,2026-04-18,2026-04-18,2
@MedakVetCanada,x,Somalia,2026-06-13,2026-06-13,2
@MediaWararka,x,Somalia,2026-04-20,2026-06-28,9
@MegeHarry,x,Kenya,2026-04-26,2026-04-26,4
@MekondjoKondja,x,South Sudan,2026-06-12,2026-06-12,2
@Mercantio,x,Somalia,2026-04-25,2026-05-21,12
@MeteoKenya,x,Kenya,2026-03-19,2026-06-23,18
@MettaBhavana1,x,South Sudan,2026-04-20,2026-04-20,2
@MguuKwaMguu2025,x,Kenya,2026-05-22,2026-05-22,2
@MichaelARothman,x,Somalia,2026-06-16,2026-06-16,2
@MiddleEastEye,x,Somalia,2026-06-23,2026-06-23,3
@MigunaMiguna,x,Kenya,2026-06-17,2026-06-23,10
@MimiMefoInfo,x,South Sudan,2026-06-21,2026-06-21,2
@MirageNewsCom,x,South Sudan,2026-04-19,2026-04-19,2
@Misspreety17,x,Kenya,2026-06-18,2026-06-18,3
@Miz_Ruraltarain,x,South Sudan,2026-06-18,2026-06-20,8
@MkenyHalisi254,x,Kenya,2026-04-24,2026-04-24,4
@MkenyaMzi,x,Kenya,2026-04-20,2026-04-30,4
@MoAbdiyare,x,Somalia,2026-04-30,2026-04-30,2
@MoDSomaliya,x,Somalia,2026-06-14,2026-06-24,4
@MoIFARSomalia,x,Somalia,2026-06-16,2026-06-24,5
@Mo_boqorka,x,Somalia,2026-06-11,2026-06-11,2
@Moali838,x,Somalia,2026-03-28,2026-03-28,6
@Mochamarichar,x,Kenya,2026-04-27,2026-04-28,6
@ModoSaks,x,Kenya,2026-06-27,2026-06-27,3
@MofaQatar_EN,x,Somalia,2026-06-23,2026-06-23,2
@MogadishuMade,x,Somalia,2026-06-16,2026-06-16,2
@MohamadEnanais,x,Somalia,2026-04-17,2026-04-20,6
@MohamedASalad,x,Somalia,2026-06-19,2026-06-19,2
@MohanadElbalal,x,South Sudan,2026-06-27,2026-06-27,2
@Mohud_Sayid,x,Somalia,2026-06-19,2026-06-19,2
@MojoMamaof4,x,South Sudan,2026-06-26,2026-06-26,3
@Molame2030,x,South Sudan,2026-03-30,2026-03-30,2
@MonicN7,x,Kenya,2026-04-26,2026-04-26,2
@Mopaomokonzi200,x,Kenya,2026-03-22,2026-03-22,2
@MoraraKebaso,x,Kenya,2026-06-21,2026-06-21,5
@Moyocoyotzin254,x,Kenya,2026-05-19,2026-05-19,2
@MpasuaMiamba047,x,Kenya,2026-04-16,2026-04-16,2
@MrAndyNgo,x,Somalia,2026-06-21,2026-06-21,2
@MrMIRAAFFF,x,Somalia,2026-06-27,2026-06-27,2
@MrblaqKulture,x,South Sudan,2026-03-29,2026-03-29,2
@Mtu_Wa_Mjengoo,x,Kenya,2026-04-24,2026-04-24,4
@MudasiaEvans,x,Kenya,2026-05-30,2026-05-30,2
@MuhammedBishaar,x,Somalia,2026-04-30,2026-04-30,2
@MukhtarAlaska,x,Somalia,2026-04-26,2026-04-26,4
@MurimaMaestro,x,Kenya,2026-04-28,2026-06-19,5
@Murkeldah,x,Kenya,2026-06-28,2026-06-28,2
@MusaKahin49384,x,Somalia,2026-04-18,2026-05-21,9
@MusaaRonalds,x,South Sudan,2026-06-22,2026-06-25,9
@MusaliaMudavadi,x,Kenya,2026-06-09,2026-06-20,7
@Mustafa82211464,x,Somalia,2026-06-16,2026-06-16,3
@MustafeMoreland,x,Somalia,2026-06-25,2026-06-25,3
@MutembeiTV,x,Kenya,2026-06-21,2026-06-28,8
@MwangiBonnie,x,Kenya,2026-04-19,2026-06-22,14
@MwangiHub,x,Kenya,2026-06-20,2026-06-20,2
@Mwansa3Rodgers,x,South Sudan,2026-06-27,2026-06-27,3
@MyHandleNo,x,South Sudan,2026-06-28,2026-06-28,2
@Myka_veli,x,South Sudan,2026-06-29,2026-06-29,3
@MykeXvii,x,South Sudan,2026-06-29,2026-06-29,2
@NBS_Statistics,x,South Sudan,2026-04-21,2026-04-21,2
@NPSOfficial_KE,x,Kenya,2026-06-08,2026-06-24,8
@NRC_EAY,x,South Sudan,2026-04-30,2026-04-30,2
@N_Kinyanjui,x,Kenya,2026-04-23,2026-04-23,4
@NaftiHuray,x,Somalia,2026-06-29,2026-06-29,2
@NahashonKimemia,x,Kenya,2026-04-21,2026-04-21,2
@Naimaintaipei,x,Somalia,2026-06-18,2026-06-19,6
@NairobiLoop,x,Kenya,2026-04-22,2026-04-22,2
@NamakaliJacob,x,Kenya,2026-04-18,2026-04-23,15
@Naomikibandi,x,Kenya,2026-06-11,2026-06-24,5
@NasraBashiir,x,Somalia,2026-06-23,2026-06-23,2
@NateOls92341004,x,Somalia,2026-06-23,2026-06-23,2
@Nate_Jone,x,South Sudan,2026-04-16,2026-04-26,4
@NationAfrica,x,Kenya,2026-04-16,2026-06-19,15
@Nbanz_612,x,Somalia,2026-05-28,2026-05-28,2
@NewBlackMan,x,South Sudan,2026-04-16,2026-04-17,4
@NewTimesRwanda,x,South Sudan,2026-06-14,2026-06-14,2
@NewsCentralTV,x,South Sudan,2026-06-23,2026-06-29,4
@NewsLionSA,x,South Sudan,2026-04-25,2026-04-25,6
@Nganga_one,x,Kenya,2026-06-21,2026-06-21,6
@NigAffairs,x,South Sudan,2026-06-10,2026-06-10,2
@NjiruAdv,x,Kenya,2026-06-18,2026-06-18,4
@NoahNewman010,x,Somalia,2026-05-21,2026-06-24,74
@NoelAnyango3,x,Kenya,2026-04-30,2026-04-30,2
@NyakundiReport,x,Kenya,2026-06-20,2026-06-20,2
@NyandohPahoT,x,South Sudan,2026-06-04,2026-06-12,14
@NytoP2PMwangi,x,Somalia,2026-06-22,2026-06-22,2
@OAbraar,x,Somalia,2026-06-26,2026-06-27,6
@OCHASouthSudan,x,South Sudan,2026-03-22,2026-06-25,4
@OCMakinya,x,Kenya,2026-06-24,2026-06-24,2
@OElaine99229,x,South Sudan,2026-04-19,2026-04-19,2
@ObadiahKipchir3,x,Kenya,2026-03-26,2026-04-16,20
@Obuchunju,x,Kenya,2026-06-11,2026-06-22,6
@OchiengOnyang0,x,Kenya,2026-05-30,2026-05-30,2
@OfficialKRU,x,Kenya,2026-06-21,2026-06-21,2
@Officialbarsame,x,Somalia,2026-06-21,2026-06-23,8
@Ohta_Ryota,x,South Sudan,2026-06-25,2026-06-25,2
@OkayAfrica,x,South Sudan,2026-06-27,2026-06-27,2
@Oketch_Salah,x,Kenya,2026-06-23,2026-06-23,3
@OkiyaOmtatah,x,Kenya,2026-06-17,2026-06-23,5
@Oligarchow,x,Somalia,2026-05-31,2026-05-31,2
@OmarIlmi83145,x,Somalia,2026-06-09,2026-06-09,2
@OmarSalah7b,x,Somalia,2026-06-22,2026-06-22,2
@OmoloOgwala,x,Kenya,2026-05-22,2026-05-22,2
@OneCitizenNews,x,South Sudan,2026-06-10,2026-06-10,2
@Osman_estate,x,Somalia,2026-06-22,2026-06-24,4
@Outrun21,x,Somalia,2026-04-19,2026-04-19,2
@OwenGregorian,x,Somalia,2026-06-16,2026-06-16,3
@Owhiskey,x,Kenya,2026-04-26,2026-04-26,2
@OwuorWebster,x,Kenya,2026-04-25,2026-04-25,6
@PAPA89s,x,Kenya,2026-04-23,2026-04-23,2
@PHIAMAX,x,Kenya,2026-06-11,2026-06-11,4
@PMforUtah,x,Somalia,2026-06-22,2026-06-22,3
@PTN87096037,x,Kenya,2026-04-27,2026-04-27,4
@PachodoOrg,x,South Sudan,2026-03-26,2026-06-27,79
@Palmer1___,x,Kenya,2026-04-28,2026-04-28,2
@PapiTrumpo123,x,Somalia,2026-06-16,2026-06-16,2
@ParassisO,x,Kenya,2026-04-26,2026-04-26,2
@Patelindianlion,x,South Sudan,2026-06-29,2026-06-29,3
@PatrickHeinisc1,x,South Sudan,2026-03-28,2026-06-02,14
@PeterKariukiKE,x,Kenya,2026-06-19,2026-06-21,5
@Phillip05166897,x,Somalia,2026-06-19,2026-06-20,4
@PhiloSomalia,x,Somalia,2026-06-16,2026-06-16,2
@PineappleCrown,x,Somalia,2026-05-28,2026-05-28,2
@PmWain,x,Kenya,2026-06-27,2026-06-27,3
@Poking99104478,x,Somalia,2026-06-18,2026-06-18,4
@PoliceKE,x,Kenya,2026-06-24,2026-06-24,3
@PonnieSheila,x,South Sudan,2026-06-17,2026-06-25,11
@PopularFront_,x,Somalia,2026-06-19,2026-06-19,2
@PrettyZii10244,x,Kenya,2026-06-29,2026-06-29,2
@ProdigalThe3rd,x,Somalia,2026-06-16,2026-06-16,2
@ProfHusseinWar,x,Somalia,2026-06-24,2026-06-24,3
@PropesaTv,x,Kenya,2026-06-19,2026-06-19,2
@PuntlandSignal,x,Somalia,2026-06-23,2026-06-23,2
@PuritymMwangi,x,Kenya,2026-04-16,2026-04-16,3
@QasimSalah7701,x,Somalia,2026-06-10,2026-06-10,5
@Qasimsalah57541,x,Somalia,2026-04-24,2026-05-31,14
@Queerace2,x,South Sudan,2026-06-12,2026-06-12,2
@RAbdiAnalyst,x,Kenya,2026-04-17,2026-06-22,5
@RBryan275,x,Kenya,2026-04-18,2026-04-19,4
@Radio47_Kenya,x,Kenya,2026-04-22,2026-04-28,10
@RadioGenKe,x,Kenya,2026-04-24,2026-04-24,2
@RadioMiraya,x,South Sudan,2026-04-17,2026-06-29,12
@RadioMuqdisho,x,Somalia,2026-06-25,2026-06-25,3
@RadioTamazuj,x,South Sudan,2026-04-17,2026-04-20,5
@Rahmasaafi,x,Somalia,2026-05-31,2026-06-07,10
@Rainmaker1973,x,South Sudan,2026-06-24,2026-06-24,2
@RealMatiangi,x,Kenya,2026-06-24,2026-06-24,2
@Real_RobN,x,Somalia,2026-06-16,2026-06-22,10
@Realkangethe,x,Kenya,2026-04-20,2026-06-25,29
@RepNancyMace,x,South Sudan,2026-06-26,2026-06-26,6
@RepOfSomaliland,x,Somalia,2026-04-22,2026-04-22,5
@Resj720,x,South Sudan,2026-04-25,2026-04-26,10
@RoblyXNews24,x,Somalia,2026-06-04,2026-06-04,2
@RodgersKipembe,x,Kenya,2026-06-19,2026-06-19,2
@Rothmus,x,Somalia,2026-06-22,2026-06-22,5
@RunEmDownDizz,x,Somalia,2026-03-19,2026-03-19,2
@RuqiaBotan,x,Somalia,2026-06-11,2026-06-11,2
@Rwanda64773B,x,Kenya,2026-06-17,2026-06-17,2
@RwandaMoD,x,South Sudan,2026-06-05,2026-06-05,2
@SAYO_MBA,x,Kenya,2026-06-29,2026-06-29,2
@SIRAGUK,x,Somalia,2026-06-25,2026-06-25,2
@SMSSomaliTV1,x,Somalia,2026-06-11,2026-06-25,125
@SNAForce,x,Somalia,2026-06-14,2026-06-14,2
@SNMKIDS,x,Somalia,2026-06-11,2026-06-11,2
@SOM8400,x,Somalia,2026-06-18,2026-06-20,5
@SONNALIVE,x,Somalia,2026-04-18,2026-06-24,16
@SONSA_NSA,x,Somalia,2026-06-19,2026-06-19,2
@SOSDISPATCHH,x,Somalia,2026-06-25,2026-06-25,2
@SSGglobal,x,South Sudan,2026-03-24,2026-06-29,57
@SUPERSOMALI252,x,Somalia,2026-04-18,2026-06-19,11
@S_Ali0011,x,Somalia,2026-04-24,2026-06-18,18
@SaadaqMohamed,x,Somalia,2026-04-22,2026-06-26,11
@Saeed_JSL,x,Somalia,2026-05-18,2026-05-18,3
@Safawidme,x,Somalia,2026-06-17,2026-06-17,4
@SafiaYasin,x,Somalia,2026-06-26,2026-06-29,10
@SaharaWire,x,South Sudan,2026-04-16,2026-04-16,2
@SalafiAudioULTD,x,Somalia,2026-06-20,2026-06-20,3
@SalahJama,x,Somalia,2026-06-17,2026-06-17,2
@SalutRn,x,Kenya,2026-05-22,2026-05-22,2
@SamaritansPurse,x,South Sudan,2026-06-21,2026-06-21,3
@Samioweb,x,Somalia,2026-06-22,2026-06-22,3
@SamjLondon,x,South Sudan,2026-04-22,2026-04-22,2
@SamuelKisika,x,South Sudan,2026-06-28,2026-06-28,2
@SankaraDispatch,x,South Sudan,2026-06-12,2026-06-27,5
@SankarasLawyer,x,Kenya,2026-04-18,2026-04-19,4
@Sapayian,x,South Sudan,2026-06-09,2026-06-09,2
@SarafadeenFaruk,x,South Sudan,2026-03-29,2026-03-29,4
@Sassafrass_84,x,Somalia,2026-06-22,2026-06-22,2
@Sativa255,x,Kenya,2026-06-19,2026-06-19,3
@SaveSJarrah,x,South Sudan,2026-04-30,2026-04-30,2
@SecurexEA,x,Kenya,2026-03-19,2026-03-19,2
@SeongYeol77,x,South Sudan,2026-06-25,2026-06-25,2
@SeraGaid,x,Somalia,2026-06-22,2026-06-22,3
@Sfufuza_,x,Somalia,2026-06-22,2026-06-22,4
@ShabelleMedia,x,Somalia,2026-06-11,2026-06-17,6
@ShadowIND_IN,x,South Sudan,2026-06-26,2026-06-26,3
@ShantaShambara,x,Somalia,2026-03-27,2026-03-27,4
@SheiknorQassim,x,Somalia,2026-06-16,2026-06-16,2
@SheldrickTrust,x,Kenya,2026-06-22,2026-06-22,2
@Sheryllisa52263,x,South Sudan,2026-06-10,2026-06-10,3
@ShimonAine,x,South Sudan,2026-06-27,2026-06-27,2
@SiciidGuuled1,x,Somalia,2026-06-24,2026-06-24,3
@Siimiike_,x,Kenya,2026-06-22,2026-06-22,2
@Silsilad4,x,Somalia,2026-06-21,2026-06-21,2
@SimonMuasya5,x,Kenya,2026-04-22,2026-04-22,4
@Sirokumu_,x,Kenya,2026-06-19,2026-06-19,2
@SnohrSd,x,South Sudan,2026-03-29,2026-04-28,5
@SoDMA_Somalia,x,Somalia,2026-06-21,2026-06-21,2
@Solidarites_Int,x,South Sudan,2026-06-20,2026-06-20,2
@Somaalilanders,x,Somalia,2026-05-21,2026-05-21,2
@Somali1and,x,Somalia,2026-03-30,2026-06-18,5
@SomaliAthlete,x,Somalia,2026-06-11,2026-06-19,14
@SomaliGuardian,x,Somalia,2026-06-04,2026-06-22,9
@SomaliOverwatch,x,Somalia,2026-06-20,2026-06-20,3
@SomaliSasuke,x,Somalia,2026-06-18,2026-06-21,6
@SomaliaToday24,x,Somalia,2026-06-27,2026-06-27,2
@Somalia_NIHRC,x,Somalia,2026-06-23,2026-06-23,2
@SomaliainKenya,x,Somalia,2026-06-17,2026-06-17,2
@SomaliainTurkey,x,Somalia,2026-06-10,2026-06-17,4
@Somalieye122,x,Somalia,2026-06-16,2026-06-23,22
@Somalijobs,x,Somalia,2026-04-20,2026-04-20,6
@Somalimois1,x,Somalia,2026-03-19,2026-04-30,17
@SomalisVoices,x,Somalia,2026-06-11,2026-06-11,2
@Sonwa945,x,South Sudan,2026-06-13,2026-06-13,2
@SooyaalKaabe,x,Somalia,2026-06-21,2026-06-21,2
@SouthSudan24_,x,South Sudan,2026-03-19,2026-04-22,24
@SouthSudanAds,x,South Sudan,2026-06-20,2026-06-20,2
@SouthSudanGov,x,South Sudan,2026-06-14,2026-06-25,20
@SpiceyBits,x,Somalia,2026-06-21,2026-06-21,2
@StandardKenya,x,South Sudan,2026-03-27,2026-04-30,11
@StarboyKE_,x,Kenya,2026-05-25,2026-05-25,2
@StateHouseJ1,x,South Sudan,2026-06-20,2026-06-26,8
@StatiSense,x,South Sudan,2026-06-26,2026-06-27,6
@SuChit42701020,x,South Sudan,2026-05-23,2026-05-23,2
@SudaneseCulture,x,South Sudan,2026-04-28,2026-04-28,2
@SudaneseEcho,x,South Sudan,2026-06-25,2026-06-28,6
@SudansPost,x,South Sudan,2026-03-22,2026-06-05,17
@Sufiilwaad,x,Somalia,2026-04-23,2026-04-23,5
@SuldanMohamed_,x,South Sudan,2026-06-11,2026-06-18,4
@Suleiman_B1,x,Somalia,2026-03-22,2026-03-22,6
@Sura_common,x,Kenya,2026-06-22,2026-06-22,2
@Suriyakmaps,x,South Sudan,2026-03-26,2026-03-27,6
@SuspectSole67,x,Somalia,2026-06-21,2026-06-21,2
@SuunaKing_James,x,South Sudan,2026-04-16,2026-04-16,2
@TC_Africa,x,South Sudan,2026-06-25,2026-06-25,2
@TRCSouthSudan,x,South Sudan,2026-03-24,2026-03-24,2
@Tasis_sfa,x,South Sudan,2026-04-22,2026-04-23,6
@TheDailySomalia,x,Somalia,2026-06-23,2026-06-23,3
@TheDream101_,x,Somalia,2026-03-18,2026-03-28,67
@TheDrillDown1,x,Somalia,2026-06-19,2026-06-19,3
@TheFishProf,x,South Sudan,2026-03-26,2026-03-26,4
@TheIEK,x,Kenya,2026-04-16,2026-04-16,2
@TheLegalMindset,x,Somalia,2026-06-11,2026-06-11,2
@ThePresidentUg,x,South Sudan,2026-04-25,2026-04-25,4
@TheRealWalankov,x,Somalia,2026-06-19,2026-06-19,2
@TheStarKenya,x,Kenya,2026-03-19,2026-06-20,7
@TheTNHoller,x,Somalia,2026-06-11,2026-06-11,2
@TheYorubaTimes,x,South Sudan,2026-06-14,2026-06-14,2
@The_EastAfrican,x,South Sudan,2026-03-29,2026-03-29,6
@Theeculture_man,x,Kenya,2026-04-16,2026-04-16,3
@TimKipchumba,x,Kenya,2026-06-22,2026-06-22,2
@Tironianae,x,Somalia,2026-06-21,2026-06-23,10
@Tkyule17,x,Kenya,2026-04-30,2026-04-30,2
@TradeMarkAfrica,x,South Sudan,2026-06-18,2026-06-23,4
@TrentWa52026329,x,Somalia,2026-06-20,2026-06-20,3
@Trumpusa1A1,x,Somalia,2026-06-22,2026-06-22,3
@TruthFairy131,x,South Sudan,2026-06-20,2026-06-20,2
@Tuko_co_ke,x,Kenya,2026-04-24,2026-04-24,2
@Tuuryare_Africa,x,Somalia,2026-06-19,2026-06-19,2
@UDAKenya,x,Kenya,2026-06-17,2026-06-21,4
@UDAPartyKe,x,Kenya,2026-04-30,2026-04-30,2
@UGSP2,x,Somalia,2026-06-25,2026-06-25,2
@UNHCRWestAfrica,x,South Sudan,2026-06-25,2026-06-25,2
@UNOCHA_ROSEA,x,South Sudan,2026-04-24,2026-04-24,4
@UNOPS,x,South Sudan,2026-06-19,2026-06-19,2
@UNOPSSouthSudan,x,South Sudan,2026-04-25,2026-04-26,10
@UN_News_Centre,x,South Sudan,2026-04-19,2026-04-19,2
@US_AU,x,South Sudan,2026-06-25,2026-06-25,2
@US_SrAdvisorAF,x,Kenya,2026-06-10,2026-06-10,2
@Uganda_Expozed,x,South Sudan,2026-06-18,2026-06-18,2
@UserFrom1998,x,Somalia,2026-04-26,2026-04-26,4
@VictorGithumbi,x,Kenya,2026-06-25,2026-06-28,6
@Vilma07,x,South Sudan,2026-03-27,2026-03-28,19
@ViralTeaKe,x,Kenya,2026-03-19,2026-03-19,3
@Vitalis_Ngoka,x,Kenya,2026-04-25,2026-04-26,12
@VjTeddyie,x,Kenya,2026-06-27,2026-06-27,2
@Vladimi11218155,x,Kenya,2026-04-27,2026-04-28,9
@Voice_Roy,x,Kenya,2026-04-22,2026-04-22,2
@Vostee_254,x,South Sudan,2026-06-29,2026-06-29,2
@WDSomUnity,x,Somalia,2026-06-19,2026-06-23,7
@WEdwarda,x,Somalia,2026-06-18,2026-06-18,3
@WHLeavitt,x,Somalia,2026-06-22,2026-06-24,6
@WHOSouthSudan,x,South Sudan,2026-06-05,2026-06-26,16
@WMutunga,x,Kenya,2026-04-23,2026-04-24,12
@WVSouthSudan,x,South Sudan,2026-06-16,2026-06-16,2
@WaNduta8,x,Kenya,2026-04-17,2026-06-08,77
@Waceke_b,x,Kenya,2026-06-18,2026-06-18,3
@WajingaFinder,x,Kenya,2026-04-21,2026-04-21,2
@WallStreetApes,x,Somalia,2026-06-17,2026-06-17,3
@WamahigaN,x,Kenya,2026-03-26,2026-06-25,28
@Wamathai,x,Kenya,2026-04-26,2026-04-26,2
@WanderNWoodsman,x,South Sudan,2026-04-30,2026-04-30,2
@WanjeriNderu,x,Kenya,2026-06-27,2026-06-27,2
@WavamunoBenon,x,Kenya,2026-04-30,2026-04-30,2
@WeAreCanProud,x,Somalia,2026-06-10,2026-06-10,3
@WeThePeopleMvt,x,Kenya,2026-06-11,2026-06-11,3
@Weeleey6,x,Kenya,2026-06-22,2026-06-22,2
@WejdanAAbdurah1,x,Somalia,2026-04-22,2026-04-22,2
@WelcomeTheGulag,x,Kenya,2026-06-18,2026-06-18,3
@WendyStone777,x,Somalia,2026-04-18,2026-04-18,2
@WhatEHappened,x,Kenya,2026-03-20,2026-03-20,2
@WilliamsRuto,x,Kenya,2026-06-05,2026-06-23,10
@WillieOeba,x,Kenya,2026-06-11,2026-06-11,2
@World_Insights1,x,South Sudan,2026-06-29,2026-06-29,2
@WuodAchieng_,x,Kenya,2026-06-02,2026-06-02,3
@XirsiJJ99,x,Somalia,2026-06-17,2026-06-17,2
@Xstream_Weather,x,Somalia,2026-06-21,2026-06-21,2
@YaKoitalel,x,Kenya,2026-03-27,2026-03-27,2
@YellowbetKenya,x,Kenya,2026-06-17,2026-06-17,2
@YonisYasin1,x,Somalia,2026-04-21,2026-06-18,10
@Young_Pharmacie,x,Kenya,2026-04-24,2026-04-30,4
@YukonEvents,x,South Sudan,2026-04-17,2026-04-17,2
@Yutuber740851Yu,x,Somalia,2026-05-30,2026-05-30,3
@Zar_43,x,Somalia,2026-04-24,2026-04-24,7
@ZelenskyyUa,x,Kenya,2026-06-17,2026-06-17,2
@Zone5volleyball,x,South Sudan,2026-06-28,2026-06-28,2
@_A_khalifa,x,Somalia,2026-04-17,2026-04-17,2
@_AfricanUnion,x,South Sudan,2026-06-25,2026-06-25,3
@_BellaM_,x,South Sudan,2026-06-16,2026-06-16,2
@_Dayspuff,x,Kenya,2026-04-30,2026-04-30,3
@_Foi_T,x,South Sudan,2026-04-21,2026-04-22,6
@_James041,x,Kenya,2026-06-06,2026-06-27,6
@_Jumain1,x,South Sudan,2026-06-27,2026-06-27,3
@_KithureKindiki,x,Kenya,2026-03-22,2026-06-24,5
@__mohamod,x,Somalia,2026-04-23,2026-04-23,2
@_feloh_,x,Kenya,2026-06-24,2026-06-24,2
@_gumba1,x,Kenya,2026-04-21,2026-04-22,6
@_mister_evans,x,Kenya,2026-06-03,2026-06-03,4
@_mutu_a,x,Kenya,2026-04-16,2026-04-16,2
@a_mzalendo,x,Kenya,2026-06-19,2026-06-19,3
@aaboom16,x,Somalia,2026-06-24,2026-06-24,4
@ababacarDoucou4,x,Kenya,2026-06-17,2026-06-17,2
@abbiezuena,x,Kenya,2026-06-23,2026-06-23,3
@abdiqani1998,x,Somalia,2026-06-17,2026-06-17,2
@abduljibbar,x,Somalia,2026-04-18,2026-04-18,3
@abino11,x,South Sudan,2026-04-27,2026-04-27,4
@abuga_makori,x,Kenya,2026-04-23,2026-04-23,3
@aceadda,x,South Sudan,2026-06-11,2026-06-21,7
@aciafricanews,x,South Sudan,2026-06-24,2026-06-24,2
@adalitesultan,x,Somalia,2026-06-18,2026-06-20,30
@addisstandard,x,South Sudan,2026-06-19,2026-06-27,6
@adongkun29,x,South Sudan,2026-04-28,2026-04-28,2
@afric_insde,x,South Sudan,2026-06-17,2026-06-17,2
@africatodayMG,x,South Sudan,2026-04-19,2026-04-25,6
@agaraad,x,Somalia,2026-06-18,2026-06-18,2
@ahmedali1928274,x,Somalia,2026-04-27,2026-04-28,7
@ahmednasirlaw,x,Kenya,2026-04-22,2026-06-22,6
@ajama105,x,Kenya,2026-06-22,2026-06-22,2
@ajosephstyl3,x,South Sudan,2026-06-06,2026-06-06,2
@akech_andrew,x,South Sudan,2026-06-05,2026-06-25,8
@akibaru,x,Kenya,2026-06-21,2026-06-22,4
@ali_noorani_teh,x,South Sudan,2026-04-30,2026-04-30,2
@alii_haaji,tiktok,Somalia,2026-03-23,2026-03-28,5
@allaboutfdm,tiktok,Somalia,2026-05-30,2026-05-30,2
@alryamyshyl,x,Somalia,2026-05-18,2026-05-18,2
@amisinput,x,Somalia,2026-06-19,2026-06-19,2
@amnesty_zim,x,South Sudan,2026-04-16,2026-04-16,2
@amthetherapy,x,Kenya,2026-06-21,2026-06-21,2
@ankurwriter,x,South Sudan,2026-04-26,2026-04-26,4
@aphu41,x,Somalia,2026-06-20,2026-06-20,3
@appbannan,x,Somalia,2026-06-18,2026-06-18,2
@applesaidaaaa,x,Somalia,2026-06-16,2026-06-16,2
@archeohistories,x,South Sudan,2026-06-10,2026-06-10,2
@arteta2giroud,x,Kenya,2026-04-16,2026-04-17,6
@awduula,x,Somalia,2026-06-25,2026-06-25,4
@baatigirl,x,Somalia,2026-06-16,2026-06-16,2
@bbkigalifm,x,Kenya,2026-04-17,2026-04-17,2
@bbstvug,x,South Sudan,2026-06-16,2026-06-16,2
@benbabunga,x,Kenya,2026-04-24,2026-04-24,2
@bm1981S,x,Somalia,2026-04-25,2026-04-26,10
@bodbode89,x,Somalia,2026-06-22,2026-06-22,4
@bonifacemwangi,x,Kenya,2026-06-19,2026-06-19,2
@bozgabi,x,Kenya,2026-03-27,2026-03-27,2
@briansureobino,x,Kenya,2026-04-23,2026-04-24,4
@bubbagp4,x,South Sudan,2026-04-21,2026-04-22,6
@burner_jdub,x,Somalia,2026-06-22,2026-06-22,2
@bxanam,x,Somalia,2026-04-20,2026-04-20,4
@cbs_ke,x,Kenya,2026-03-19,2026-03-19,3
@cean_avo39737,x,South Sudan,2026-04-26,2026-04-26,12
@celiesere,x,Somalia,2026-06-18,2026-06-18,5
@choljoey,x,South Sudan,2026-04-25,2026-04-26,6
@ciiramaina,x,Kenya,2026-05-30,2026-05-30,2
@citizentvkenya,x,Kenya,2026-03-27,2026-06-24,146
@classysabr2,x,Somalia,2026-06-12,2026-06-12,2
@clement_molin,x,South Sudan,2026-04-16,2026-04-16,2
@cobbo3,x,South Sudan,2026-06-05,2026-06-05,2
@collinsjohari,x,Kenya,2026-03-23,2026-03-23,2
@contra_press,x,Kenya,2026-06-11,2026-06-11,3
@copperskin722,x,Somalia,2026-03-22,2026-03-22,3
@criticalthreats,x,Somalia,2026-06-04,2026-06-24,5
@crystalkeyl,x,South Sudan,2026-06-29,2026-06-29,3
@curlyaram,x,Somalia,2026-06-20,2026-06-20,4
@dailypost_ke,x,Kenya,2026-04-24,2026-06-21,17
@daphyso,x,Kenya,2026-06-19,2026-06-19,2
@darknomad770,x,Somalia,2026-04-30,2026-04-30,2
@dasieca7,x,Kenya,2026-04-20,2026-04-21,6
@davewst,x,Somalia,2026-05-18,2026-06-05,4
@david_kollal,x,Kenya,2026-04-26,2026-04-26,2
@deetskmike,x,Kenya,2026-04-18,2026-04-18,2
@democracynow,x,Somalia,2026-06-11,2026-06-11,3
@dkmaraga,x,Kenya,2026-06-17,2026-06-20,6
@drhossamsamy65,x,South Sudan,2026-04-30,2026-06-23,4
@drmayadakamal2,x,South Sudan,2026-04-21,2026-04-21,2
@eajene,x,South Sudan,2026-06-27,2026-06-27,2
@eastafricatv,x,Kenya,2026-06-21,2026-06-21,2
@editerka8,tiktok,Somalia,2026-06-07,2026-06-07,2
@ejykmykel1,x,South Sudan,2026-03-27,2026-03-27,2
@elijahsumbeiywo,x,Kenya,2026-05-19,2026-06-02,9
@emzraw_,x,Somalia,2026-06-20,2026-06-20,4
@engr_mayar,x,South Sudan,2026-06-29,2026-06-29,2
@ericnyaga,x,Kenya,2026-06-25,2026-06-25,2
@ezekiel_arol,x,South Sudan,2026-06-17,2026-06-29,11
@faatmaqqqqq1,tiktok,Somalia,2026-04-27,2026-04-27,2
@faeri3i,x,Somalia,2026-06-18,2026-06-18,3
@fahume,x,Somalia,2026-04-23,2026-04-23,2
@fairyycreation,x,Somalia,2026-06-22,2026-06-22,3
@filsanfilsan,x,Somalia,2026-06-22,2026-06-22,3
@fkeyamo,x,Kenya,2026-06-20,2026-06-20,3
@fokusplusafrika,x,Somalia,2026-06-21,2026-06-21,2
@fredmungai,x,Kenya,2026-04-30,2026-04-30,2
@fudoe,x,South Sudan,2026-03-24,2026-03-25,4
@garaad2060,x,Somalia,2026-06-27,2026-06-27,2
@generali_osumo,x,Kenya,2026-06-17,2026-06-17,2
@geoo_______,x,Kenya,2026-04-22,2026-04-22,4
@getxooged,x,Somalia,2026-04-27,2026-05-19,8
@gidonsaar,x,South Sudan,2026-06-29,2026-06-29,2
@gingosamuel,x,South Sudan,2026-06-28,2026-06-28,2
@gomugoronomi,x,Somalia,2026-06-23,2026-06-23,2
@grok,x,Somalia,2026-03-20,2026-04-30,71
@guchman_,x,Kenya,2026-05-23,2026-05-23,2
@guiled2_gulaid,x,Somalia,2026-05-18,2026-05-18,2
@gwamaee,x,Kenya,2026-04-19,2026-06-22,4
@h_astrano,x,South Sudan,2026-06-26,2026-06-27,5
@haadka,x,Somalia,2026-04-19,2026-04-19,2
@hakiim2014,x,Somalia,2026-06-18,2026-06-25,6
@ham0ooz,x,Somalia,2026-04-16,2026-04-30,8
@hargeisa234,x,Somalia,2026-04-28,2026-04-28,3
@hassandszf,x,Somalia,2026-05-17,2026-05-17,2
@hawa_omuya,tiktok,Somalia,2026-04-21,2026-04-21,2
@hiiraan,x,Somalia,2026-04-19,2026-04-20,6
@historical_Afr,x,South Sudan,2026-06-23,2026-06-23,2
@hivileo1,x,Kenya,2026-03-22,2026-06-10,32
@hnnsbnd,x,Kenya,2026-06-18,2026-06-18,2
@husavia61225,x,Somalia,2026-06-21,2026-06-21,2
@iFiddleDeeDee,x,Somalia,2026-06-16,2026-06-16,2
@i_am_Abiodun_,x,Kenya,2026-06-22,2026-06-22,2
@i_am_wataka,x,South Sudan,2026-06-25,2026-06-25,2
@iamDevanshJain,x,South Sudan,2026-06-27,2026-06-27,2
@ibrahimarbab106,x,South Sudan,2026-06-24,2026-06-27,6
@idofoi,x,Kenya,2026-06-20,2026-06-20,2
@imanmali,x,Somalia,2026-06-23,2026-06-23,3
@inamakhtal,x,South Sudan,2026-04-22,2026-04-22,2
@infodexx,x,South Sudan,2026-06-28,2026-06-28,2
@iqowdan,x,Somalia,2026-05-28,2026-05-28,2
@iregih,x,Kenya,2026-04-30,2026-04-30,2
@isaacBarak7,x,Kenya,2026-06-24,2026-06-24,2
@islaanTooLate,x,Somalia,2026-06-11,2026-06-19,5
@ithagu1,x,Kenya,2026-04-21,2026-04-21,2
@itsCrunchupdate,x,South Sudan,2026-03-19,2026-03-19,2
@itsburberry22,x,Kenya,2026-04-20,2026-04-20,2
@jaaamaa422,x,Somalia,2026-06-25,2026-06-25,3
@jamalamore,x,Somalia,2026-04-16,2026-06-26,6
@jaokojohnmark,x,Kenya,2026-06-21,2026-06-23,6
@jennykanyiri,x,Kenya,2026-03-24,2026-03-25,14
@jimNjue_,x,Kenya,2026-05-24,2026-06-27,11
@jmuragengunjiri,x,Kenya,2026-06-11,2026-06-11,4
@johnnysosmally,x,Somalia,2026-06-20,2026-06-20,3
@jokush,x,Kenya,2026-04-28,2026-04-28,2
@joodari,x,Somalia,2026-04-27,2026-04-27,2
@josemamma,x,South Sudan,2026-04-21,2026-04-22,36
@junonewscom,x,Somalia,2026-06-11,2026-06-11,2
@kGmudimba,x,Kenya,2026-05-22,2026-05-22,2
@kahuro_sam,x,Kenya,2026-04-30,2026-04-30,4
@kakashikush94,x,Somalia,2026-04-26,2026-04-27,4
@kamauwaruhiu,x,Kenya,2026-04-27,2026-06-23,9
@kareema_darma,x,South Sudan,2026-03-30,2026-03-30,3
@kariukiNga80188,x,Kenya,2026-04-30,2026-04-30,2
@ke_renaissance,x,Kenya,2026-05-20,2026-05-20,2
@kennethbarasa6,x,Kenya,2026-03-18,2026-03-18,2
@kenyadecoded98,x,Kenya,2026-04-23,2026-04-23,2
@kenyanwalstreet,x,Kenya,2026-04-19,2026-06-20,8
@kenyasgossips,x,Kenya,2026-06-11,2026-06-23,20
@keshi_ltd,x,Kenya,2026-04-21,2026-04-22,4
@khadiryare,x,Somalia,2026-06-17,2026-06-21,5
@khaj_nat,x,South Sudan,2026-06-23,2026-06-24,4
@khalilErigavo,x,Somalia,2026-06-11,2026-06-11,2
@kibe_tz,x,Kenya,2026-03-25,2026-06-04,20
@kigalitoday,x,Kenya,2026-04-17,2026-04-17,2
@kiizaeron,x,Kenya,2026-06-23,2026-06-23,3
@kijana_misa,x,Kenya,2026-04-17,2026-06-20,30
@kimosopmike1,x,Kenya,2026-04-27,2026-04-28,6
@kingethuk,x,Kenya,2026-04-19,2026-04-30,6
@kingmoss0,x,Somalia,2026-06-24,2026-06-24,2
@kingyoungwizzy,x,South Sudan,2026-06-25,2026-06-25,2
@kipkoecheruiyot,x,Kenya,2026-06-18,2026-06-18,2
@kiptoocheruyoit,x,Kenya,2026-04-20,2026-04-20,2
@klannykkk,x,Somalia,2026-06-10,2026-06-10,2
@klintoncod,x,Somalia,2026-06-11,2026-06-11,4
@koreannovelist,x,South Sudan,2026-06-29,2026-06-29,2
@korirproperty,x,Kenya,2026-06-23,2026-06-23,2
@ktradiorw,x,Kenya,2026-04-17,2026-04-17,3
@kunguruu,x,Kenya,2026-03-26,2026-04-24,8
@kuria254k,x,Kenya,2026-06-02,2026-06-02,2
@lakecountydem,x,South Sudan,2026-04-28,2026-04-28,3
@landpalestine,x,Somalia,2026-06-22,2026-06-22,2
@ly00tazion,x,Somalia,2026-06-22,2026-06-22,2
@macrobianmyth,x,Somalia,2026-06-21,2026-06-21,2
@mainandegwa232,x,Kenya,2026-06-22,2026-06-22,3
@marcelotom2002,x,Kenya,2026-04-16,2026-04-16,4
@markalefarmaajo2026,tiktok,Somalia,2026-06-13,2026-06-25,5
@maryanruun567,tiktok,Somalia,2026-06-10,2026-06-10,2
@mats56455,x,South Sudan,2026-06-25,2026-06-27,6
@mauriceoyamo,x,Kenya,2026-04-24,2026-06-07,4
@mbell____,x,Somalia,2026-06-21,2026-06-21,2
@mda524360,x,South Sudan,2026-06-26,2026-06-26,2
@micchequepod,x,Kenya,2026-06-23,2026-06-23,2
@millardayo,x,Kenya,2026-04-18,2026-04-18,4
@mintelworld,x,Somalia,2026-06-16,2026-06-23,6
@miromanticizzo,x,Somalia,2026-06-18,2026-06-18,2
@miss_moraa62251,x,Kenya,2026-06-16,2026-06-16,2
@mitugoro2,x,Kenya,2026-05-31,2026-05-31,3
@mo_kogoti,x,Kenya,2026-03-24,2026-03-25,7
@moechesomalia,x,Somalia,2026-06-17,2026-06-17,2
@moneyacademyKE,x,Kenya,2026-04-16,2026-06-18,15
@moses_kaigi,x,Kenya,2026-03-19,2026-03-27,20
@moumin825,tiktok,Somalia,2026-04-17,2026-04-17,2
@muchogokariuki,x,Kenya,2026-04-28,2026-04-28,2
@muki_richard,x,South Sudan,2026-06-29,2026-06-29,2
@mukoya_aywah,x,Kenya,2026-04-23,2026-04-24,8
@mulinge_muteti_,x,Kenya,2026-04-22,2026-06-25,17
@mumbikezzie,x,Kenya,2026-04-30,2026-04-30,2
@munie_ahmed,tiktok,Somalia,2026-05-27,2026-05-27,2
@muriaso,x,Kenya,2026-06-21,2026-06-21,3
@musewelib,x,Somalia,2026-06-17,2026-06-17,2
@musse408,x,Somalia,2026-06-19,2026-06-19,2
@mutongoitvke,x,Kenya,2026-05-25,2026-05-25,2
@mvlqk,x,Somalia,2026-06-14,2026-06-14,2
@mwai_theuri,x,Kenya,2026-04-21,2026-04-21,5
@mwarsama,x,Kenya,2026-04-16,2026-05-17,4
@mwithigaP,x,Kenya,2026-04-18,2026-04-28,11
@nathancofnas,x,Somalia,2026-06-18,2026-06-18,2
@nbstv,x,South Sudan,2026-04-30,2026-04-30,2
@ne0scythian,x,South Sudan,2026-06-26,2026-06-26,2
@nenkinan_deshi,x,South Sudan,2026-04-27,2026-04-27,4
@newto_code_14,x,Kenya,2026-06-18,2026-06-18,4
@nickiwisky,x,Kenya,2026-04-22,2026-04-22,2
@nickngei2,x,South Sudan,2026-06-28,2026-06-28,2
@nomadickenyan,x,Kenya,2026-04-28,2026-04-28,3
@nomandatesco,x,Somalia,2026-06-19,2026-06-19,2
@nonchalantly_,x,Somalia,2026-04-19,2026-04-20,4
@northownerr,x,Somalia,2026-04-18,2026-04-18,2
@novaramedia,x,Somalia,2026-06-19,2026-06-19,2
@nr_xix,x,Somalia,2026-06-20,2026-06-20,2
@ntvkenya,x,Kenya,2026-04-18,2026-06-23,54
@nuur1_nuur,x,Somalia,2026-06-27,2026-06-28,8
@nziokamul1,x,Kenya,2026-06-05,2026-06-08,5
@odanga_r,x,Kenya,2026-04-20,2026-04-20,2
@offth3radar,x,Somalia,2026-06-19,2026-06-19,3
@ole_sieur,x,Kenya,2026-06-23,2026-06-23,2
@oloojl,x,South Sudan,2026-06-17,2026-06-17,2
@omwamba_ke_,x,Kenya,2026-04-20,2026-04-20,3
@oneal_k_,x,Kenya,2026-05-25,2026-05-25,2
@orengo_james,x,Kenya,2026-06-18,2026-06-19,8
@orina450,x,Kenya,2026-05-27,2026-05-27,2
@otfxv0,x,Kenya,2026-04-27,2026-04-27,4
@otienowill,x,Kenya,2026-06-22,2026-06-22,4
@ouma_neko,x,Kenya,2026-06-16,2026-06-24,13
@oxygen_breeze,x,Somalia,2026-06-16,2026-06-16,3
@paddyonyango,x,Kenya,2026-06-07,2026-06-09,4
@paramos_manuver,x,Kenya,2026-06-20,2026-06-20,2
@paulakahumbu,x,Kenya,2026-06-12,2026-06-12,2
@paulinenjoroge,x,Kenya,2026-06-19,2026-06-19,3
@paxangloceltae,x,South Sudan,2026-06-20,2026-06-20,4
@peasantprince_1,x,Kenya,2026-06-21,2026-06-21,4
@penuelist_,x,South Sudan,2026-06-28,2026-06-28,2
@pilothusen,x,Somalia,2026-05-18,2026-05-18,2
@pksalasya,x,Kenya,2026-04-19,2026-04-19,2
@polo_kimanii,x,Kenya,2026-06-11,2026-06-19,9
@pookiepolls,x,South Sudan,2026-06-19,2026-06-19,2
@profkagwanja,x,Kenya,2026-06-11,2026-06-11,2
@queenofshiba8,x,Somalia,2026-06-27,2026-06-27,3
@raphn,x,Kenya,2026-05-19,2026-06-04,26
@ray_omollo,x,Kenya,2026-06-16,2026-06-16,2
@razznpin,x,Somalia,2026-06-10,2026-06-26,14
@rbdtv_ke,x,Kenya,2026-03-20,2026-03-20,2
@realJohnAbu,x,South Sudan,2026-06-28,2026-06-28,2
@realnikohouse,x,Somalia,2026-06-20,2026-06-20,3
@realrxAFC,x,Somalia,2026-06-21,2026-06-21,2
@recognizeSL,x,Somalia,2026-04-18,2026-04-30,15
@redheadranting,x,Somalia,2026-04-18,2026-04-18,2
@renovationduoke,x,Kenya,2026-04-28,2026-04-28,2
@rheytah,x,South Sudan,2026-04-28,2026-04-28,2
@riek_madit9,x,South Sudan,2026-06-23,2026-06-23,2
@rigathi,x,Kenya,2026-06-12,2026-06-23,19
@royalmediatz,x,Kenya,2026-06-20,2026-06-26,4
@rukigafm,x,South Sudan,2026-06-25,2026-06-25,2
@rutomustgo2,x,Kenya,2026-06-10,2026-06-10,2
@ruzekitweets,x,Kenya,2026-04-25,2026-04-25,8
@rx_6662,x,South Sudan,2026-03-30,2026-03-30,3
@s0omali,x,Somalia,2026-03-26,2026-03-26,4
@sabti777,tiktok,Somalia,2026-06-22,2026-06-24,5
@safarimlevi,x,Kenya,2026-06-29,2026-06-29,2
@sdigiustizia,x,South Sudan,2026-06-18,2026-06-18,3
@seniorHear8090,x,Kenya,2026-04-24,2026-04-24,2
@sesrp_somalia,x,Somalia,2026-06-21,2026-06-21,2
@sgingoshots,x,South Sudan,2026-04-21,2026-04-27,21
@sh..hilibiyobariis,tiktok,Somalia,2026-06-19,2026-06-27,4
@shekhbashir119,x,Somalia,2026-04-26,2026-04-26,2
@shirdoon_,tiktok,Somalia,2026-03-26,2026-03-26,2
@sholard_mancity,x,Kenya,2026-06-11,2026-06-23,15
@shuya_products,x,South Sudan,2026-06-25,2026-06-25,2
@simbaradio,x,Kenya,2026-04-24,2026-04-24,2
@simonso15792314,x,South Sudan,2026-04-28,2026-04-28,2
@sinrenovat,x,Kenya,2026-06-23,2026-06-23,2
@sir_yaquup81969,x,Somalia,2026-05-19,2026-05-19,2
@skmusyoka,x,Kenya,2026-06-14,2026-06-19,6
@slmiheso,x,Kenya,2026-04-24,2026-04-24,2
@smanga_m,x,Kenya,2026-04-23,2026-04-23,2
@smartsuzysunset,x,South Sudan,2026-06-27,2026-06-27,2
@smutoro,x,Kenya,2026-06-21,2026-06-21,2
@sndwky,x,South Sudan,2026-03-19,2026-03-19,2
@sntvnews1,x,Somalia,2026-06-14,2026-06-20,10
@somalia_section,x,Somalia,2026-04-20,2026-04-21,9
@somaligeezer,x,Somalia,2026-06-18,2026-06-18,3
@somalinimooo,x,Somalia,2026-04-26,2026-05-25,10
@somalischolarseng_,tiktok,Somalia,2026-04-22,2026-06-28,23
@sonofgurey,x,Somalia,2026-06-16,2026-06-16,2
@soomaalis,tiktok,Somalia,2026-06-26,2026-06-26,2
@soomal252,x,Somalia,2026-05-17,2026-05-17,2
@sov_media,x,South Sudan,2026-06-18,2026-06-26,14
@sportv,x,Somalia,2026-06-11,2026-06-11,2
@sputnik_africa,x,Somalia,2026-06-23,2026-06-23,5
@ssemtv,x,South Sudan,2026-05-16,2026-06-29,58
@ssfa_com,x,South Sudan,2026-04-19,2026-04-19,6
@stats_wire,x,South Sudan,2026-06-28,2026-06-28,3
@stephenwanga15,x,Kenya,2026-04-24,2026-04-24,2
@suad_a62129,x,Somalia,2026-06-11,2026-06-11,2
@survivalAlerts,x,Somalia,2026-04-20,2026-04-20,6
@swahilitimes,x,Kenya,2026-05-28,2026-06-29,10
@sweetaaliya,x,Somalia,2026-06-26,2026-06-28,14
@sweynglaze,x,Somalia,2026-04-25,2026-04-25,3
@sycamore_times,x,South Sudan,2026-03-30,2026-03-30,2
@t.20.24,tiktok,Somalia,2026-04-24,2026-06-29,18
@telesurenglish,x,South Sudan,2026-06-27,2026-06-27,3
@tha_ebony,x,Kenya,2026-04-16,2026-04-16,2
@theHubTVke,x,Kenya,2026-03-23,2026-03-24,8
@thebhlub,x,Somalia,2026-04-17,2026-04-17,4
@thedailysaudi,x,South Sudan,2026-06-28,2026-06-28,3
@thee_alfa_house,x,Kenya,2026-06-11,2026-06-11,2
@thehoffather,x,Somalia,2026-06-16,2026-06-16,2
@thekingofkangz,x,Somalia,2026-06-15,2026-06-15,3
@therealriq4real,tiktok,Somalia,2026-06-29,2026-06-29,2
@thesomaliarchiv,x,Somalia,2026-06-11,2026-06-18,10
@thesudantimes,x,South Sudan,2026-04-16,2026-06-23,38
@thetowerpost,x,South Sudan,2026-03-23,2026-04-22,11
@tiidrotafrikka2,x,South Sudan,2026-06-18,2026-06-18,2
@timothyturunga,x,Kenya,2026-04-20,2026-04-20,4
@tonyalfredk,x,Kenya,2026-06-25,2026-06-25,2
@tooshka2000,tiktok,Somalia,2026-03-23,2026-03-25,4
@tooshka_gaalada,tiktok,Somalia,2026-04-16,2026-04-17,6
@tooxow2011,x,Somalia,2026-06-13,2026-06-13,2
@tradingroomke,x,Kenya,2026-03-23,2026-03-23,2
@trtafrika,x,South Sudan,2026-04-18,2026-06-26,4
@truthtroll_X,x,Somalia,2026-06-11,2026-06-11,3
@tuncdemirtas,x,Somalia,2026-06-12,2026-06-12,2
@turanbulent,x,Somalia,2026-06-20,2026-06-20,2
@tv47digital,x,Kenya,2026-04-20,2026-06-24,6
@twolves2025,x,Somalia,2026-03-26,2026-03-26,4
@u_sherehe,x,Kenya,2026-04-22,2026-04-22,2
@ubasanius,x,South Sudan,2026-06-14,2026-06-14,3
@uhel,x,South Sudan,2026-06-29,2026-06-29,3
@umutcagrisariii,x,Somalia,2026-04-20,2026-06-20,19
@undpsouthsudan,x,South Sudan,2026-06-19,2026-06-29,5
@unicefssudan,x,South Sudan,2026-06-14,2026-06-23,4
@unmissmedia,x,South Sudan,2026-04-18,2026-06-25,27
@utdKenani,x,Kenya,2026-04-30,2026-04-30,2
@uuwebi,x,Somalia,2026-06-17,2026-06-17,2
@vaultech_3,x,Somalia,2026-06-20,2026-06-20,2
@vianratulangi,x,South Sudan,2026-04-30,2026-04-30,2
@vimatosh,x,Kenya,2026-03-26,2026-03-26,2
@visegrad24,x,Somalia,2026-06-18,2026-06-24,7
@wa_ngachu,x,Kenya,2026-04-22,2026-04-22,4
@wacdar,x,Somalia,2026-04-28,2026-06-24,11
@wahomethuku,x,Kenya,2026-06-14,2026-06-14,2
@wakimuyu,x,Kenya,2026-04-24,2026-04-26,8
@wambokamaa,x,Kenya,2026-03-24,2026-05-29,16
@wanguwamajani,x,Kenya,2026-04-22,2026-06-03,8
@warsamohamed84,x,Somalia,2026-06-25,2026-06-25,3
@watotochurch,x,South Sudan,2026-06-27,2026-06-27,3
@welovedotrw,x,South Sudan,2026-06-23,2026-06-23,2
@westle3go,x,Somalia,2026-06-21,2026-06-21,2
@westtoeastt,x,Somalia,2026-04-23,2026-04-24,4
@wil_sonn1,x,Kenya,2026-06-18,2026-06-18,3
@willkirima,x,Kenya,2026-04-19,2026-04-19,3
@xlov33,x,Somalia,2026-03-26,2026-05-30,9
@xoogagga,x,Somalia,2026-04-22,2026-06-13,16
@xxx_kingahmed,x,Somalia,2026-05-30,2026-05-30,2
@ya5inoo,x,Somalia,2026-06-05,2026-06-05,2
@yaqubal08058172,x,Somalia,2026-04-18,2026-04-18,5
@yasin1449,x,Somalia,2026-05-16,2026-05-30,17
@yonezo4649,x,South Sudan,2026-04-27,2026-04-30,12
@yussufholcaye,tiktok,Somalia,2026-03-19,2026-05-17,11
@zaki24s,x,Somalia,2026-06-21,2026-06-21,2
@zetacompa,x,South Sudan,2026-04-22,2026-04-22,2
@zimlive,x,Kenya,2026-06-16,2026-06-16,3
@zoetjesheeftX,x,Kenya,2026-06-08,2026-06-08,2
@zoomafrika1,x,Kenya,2026-06-05,2026-06-05,3
Unknown,x,South Sudan,2026-04-17,2026-06-21,22
