platform,post_author_id,post_author_name_pi,post_comment_count,post_date,post_datetime,post_gather_id,post_id,post_like_count,post_link_pi,post_share_count,post_text_pi,comment_author_id,comment_author_name_pi,comment_date,comment_datetime,comment_gather_id,comment_id,comment_like_count,comment_link_pi,comment_parent_post_id,comment_replied_to_id,comment_text_pi,tiktok_post_plays,x_comment_is_quote,x_comment_is_reply,country,gather_topic,content_topic,primary_topic,phoenix_processed_at,phoenix_job_run_id,prob_afxumo,prob_not_afxumo,prob_toxicity,prob_severe_toxicity,prob_insult,prob_identity_attack,prob_threat,prob_sexually_explicit,prob_flirtation,topic_COUNTER_VE_LABELS,topic_HS_ANTI_FOREIGN,topic_HS_CASTE_RACISM,topic_HS_CLAN_HIERARCHY,topic_HS_CLAN_TARGETING,topic_HS_DEHUMANISATION_TARGETING,topic_HS_DEHUMANISE_MEDIA_TRUST,topic_HS_FACTIONAL_ATTACKS_AND_BETRAYAL,topic_HS_GBOV_GENDERED,topic_PEACE_CALLS_FOR_PEACE,topic_PEACE_INDIGENOUS_MECHANISMS,topic_PEACE_MEDIA_LITERACY_COUNTER_RUMOUR,topic_PEACE_RECONCILIATION_FORGIVENESS,topic_PEACE_TRADITIONAL_MEDIATION,topic_PEACE_UNITY_HEALING,topic_PEACE_WOMEN_VICTIM_SURVIVOR_VOICES,topic_RM_ATROCITY_PLANNING_RUMOURS,topic_VE_ATROCITY_AERIAL_AND_ATTACKS,topic_VE_CODED_YOUTH_REFERENCES,topic_VE_MILITIA_MOBILISATION,topic_VE_OPERATIONAL_ESCALATION,topic_VE_RECRUITMENT_COERCION,topic_VE_RELIGIOUS_JUSTIFICATION,topic_VE_SELF_REFERENCE_TERMS,topic_VE_TAKFIR_DEHUMANISE,topic_counter_disinfo_correction,topic_delegitimisation_anti_state,topic_explicit_violence_or_attack,topic_gendered_hate_or_humiliation,topic_grievance_victimhood,topic_interfaith_peace,topic_misdisinfo_rumour_conspiracy,topic_peace_cohesion_counter,topic_reconciliation_forgiveness,topic_religious_justification_takfir,topic_retaliation_mobilisation,topic_sectarian_or_religious_incitement,topic_sexualised_harm_or_humiliation,topic_unity_cohesion,topic_ve_attack_tactics,topic_ve_crossborder_diaspora,topic_ve_group_branding,topic_ve_propaganda_recruitment,topic_ve_recruitment_or_hijrah,topic_HS_MTN_CODED_METAPHOR_REVIEW,topic_RM_FINANCING_REQUESTS,topic_VE_ARABIC_PEACE_OR_WAR_TERMS_REVIEW,topic_VE_FINANCING_COORDINATION,topic_direct_threats_intimidation,topic_doxxing_or_personal_data_cues,topic_ve_bayah_affiliation,topic_HS_MILITARISATION_STEREOTYPE_MATHIANG_ANYOR,topic_VE_SECURITY_DELEGITIMATION_SPY_CLAIMS,topic_PEACE_HASHTAG_CAMPAIGNS,topic_nonviolence_deescalation,topic_expulsion_or_ethnic_cleansing_cues,topic_PEACE_ORG_REFERENCES,topic_PEACE_SYMBOLIC_SLOGANS,topic_HS_ETHNIC_SCAPEGOATING_JIENGE_CLUSTER,topic_HS_NATIONAL_IDENTITY_ANTI_ARAB_FRAMING,topic_HS_REGIONALISM_KOKORA,topic_HS_RETURN_DIASPORA_STIGMA,topic_coded_slurs_ethnic,topic_hate_slurs_or_coded,topic_identity_incitement_dehumanisation,EA_HS_Normal,EA_HS_Abusive,EA_HS_Hate,EA_HS_pred,EA_HS_conf,Polarization_Kenya_not_polarization,Polarization_Kenya_polarization,Afxumo_Somali_not_afxumo,Afxumo_Somali_afxumo,HateSpeech_Sudan_not_hate_speech,HateSpeech_Sudan_hate_speech,HateSpeech_Sudan_pred,HateSpeech_Sudan_conf,post_author_category,post_author_class,post_author_description_pi,post_author_followers_count,post_author_location,post_author_link_pi,post_class,comment_author_class,comment_class,facebook_video_views,x_post_retweeted_id,post_id_parent,post_text_pi_parent,post_author_id_parent,post_author_name_pi_parent,post_date_parent,post_datetime_parent,post_gather_id_parent,post_like_count_parent,post_share_count_parent,post_comment_count_parent,post_link_pi_parent,post_author_category_parent,post_author_class_parent,post_class_parent,platform_post,Polarization_Kenya_pred,Polarization_Kenya_conf,Afxumo_Somali_pred,Afxumo_Somali_conf
facebook,be31b0be-437f-6b65-3f56-9f3eb7997242,Patrick Lubanga,17.0,2025-11-30,2025-11-30 03:27:01 UTC,1330.0,82704a40-5c1f-a293-7922-119417c0f9f8,23.0,https://www.facebook.com/patrick.lubanga.2025/posts/pfbid034cQ6jfiRMtL88oFAJFmKPytNk5KfVus97zh1rL3txEz3RJmB2FWiXpyn1wBoasGdl,1.0,Blessed Sunday  everyone but watu wa Chelsea leo akuna mbuzi kuruka kamba. Tunamkuchia na kama ni mbaya ni mbaya na kama ni noma ni  noma.,,,,,,,,,,,,,,,Kenya,Peace,Hate Speech,Peace,2026-01-15 15:40:46.723151 UTC,2325,high,,,,,,,,,,,,,,0.0,,,,0.0,0.0,,0.0,,0.0,0.0,0.0,0.0,0.0,0.0,,0.0,0.0,0.0,0.0,0.0,0.0,0.0,0.0,0.0,0.0,0.0,0.0,0.0,0.0,0.0,0.0,0.0,0.0,0.0,0.0,0.0,0.0,,0.0,0.0,0.0,0.0,0.0,0.0,,,,,,,,,,,,,,,,0.998469054698944,0.0009586704545654,0.0005722392816096,Normal,0.998469054698944,0.9588789939880372,0.0411210656166076,,,,,,,,,,,,,,,,,,,,,,,,,,,,,,,,,,,,
facebook,37334119-51a8-751e-9280-7b5cfe2c41d0,Jamal Mbuzi,2.0,2025-11-30,2025-11-30 07:09:05 UTC,1330.0,7be44e79-dc0e-57fd-8c4e-186ae0ca5ca3,6.0,https://www.facebook.com/jamsharukh.ramjaane/posts/pfbid0n1Ve1y7hMd8euUMrMc1v8WLov3sCxFa3G3Rh7U6br4VEk1MRt1TAv9ryPvPSJWHAl,0.0,"*Watanzania Tulinde Taswira ya Nchi Yetu kwa Kutunza Amani, Utulivu, Upendo na Mshikamano wa  Taifa.*

Na Jamali Mbuzi ✍️ ✍️✍️

Tanzania ni taifa lililobarikiwa kwa utajiri mkubwa wa rasilimali, tamaduni mbalimbali na watu wenye moyo wa upendo. 
Mojawapo ya alama muhimu inayolitambulisha taifa letu duniani ni taswira njema ya amani na mshikamano. 
Taswira hii haikutokea kwa bahati; imetokana na juhudi za waasisi wa taifa, viongozi wetu na wananchi wote walioamua kuishi kwa umoja na kuheshimiana. 
Kwa sababu hii, Watanzania tunapaswa kuendelea kulinda na kuienzi taswira hii ili taifa letu liendelee kuwa kimbilio la utulivu na matumaini.

*1,Amani na utulivu ndizo nguzo kuu za maendeleo ya nchi yoyote.* 
Bila amani, shughuli za kiuchumi, kijamii na kisiasa haziwezi kusonga mbele. Tanzania imekuwa mfano wa nchi inayodumisha amani licha ya kuwa na makabila, dini na mila mbalimbali. 
Ni jukumu la kila Mtanzania kuhakikisha tofauti hizi haziwi chanzo cha migogoro bali utajiri unaotujenga. Kila mmoja anapaswa kutumia maneno yenye kujenga, kuhamasisha maelewano na kuzuia kauli zinazoweza kuchochea chuki.

*2, Upendo na mshikamano ni muhimu katika kulinda taswira ya taifa.* 
Upendo hurahisisha watu kushirikiana, kuheshimiana na kusaidiana bila ubaguzi. Mshikamano huifanya jamii kuwa imara dhidi ya changamoto zinazoweza kuleta mgawanyiko. 
Kwa kuheshimu viongozi, kufuata sheria, na kushiriki katika shughuli za kijamii kama vile usafi, uokoaji na kusaidia wenye uhitaji, tunaunda jamii inayothamini utu na maridhiano. 
Haya yote huongeza heshima ya nchi yetu mbele ya mataifa mengine.

*3,katika ulimwengu wa sasa wa teknolojia,* 
wananchi wanapaswa kuwa makini katika namna wanavyotumia mitandao ya kijamii. Mara nyingi taswira ya nchi hujengwa au kubomolewa kupitia taarifa zinazowekwa mtandaoni. 
Ni wajibu wa Watanzania kusambaza taarifa sahihi, zenye manufaa na zinazojenga, badala ya kueneza uvumi, chuki au taarifa zinazodhalilisha nchi. 
Mamlaka zinaweza kuweka sheria, 
lakini nidhamu binafsi ya mtumiaji wa mitandao ndiyo kinga madhubuti.

Inaendelea 👇",,,,,,,,,,,,,,,Kenya,Peace,Peace,Peace,2026-01-15 15:40:46.723151 UTC,2325,,very_high,,,,,,,,,,,,,0.0,,,,0.0,0.0,,0.0,,0.0,0.0,0.0,0.0,0.0,0.0,,0.0,0.0,0.0,0.0,1.0,0.0,0.0,0.0,0.0,0.0,0.0,1.0,1.0,0.0,0.0,0.0,0.0,1.0,0.0,0.0,0.0,0.0,,0.0,0.0,0.0,0.0,0.0,0.0,,,,,,,,,,,,,,,,0.9997531771659852,0.0001435932499589,0.0001032598811434,Normal,0.9997531771659852,0.998584508895874,0.001415530918166,,,,,,,,,,,,,,,,,,,,,,,,,,,,,,,,,,,,
facebook,f9fb7127-62d6-775d-e6a6-26c69b7e09f3,Shabaeba Man,5.0,2025-11-30,2025-11-30 07:45:31 UTC,1330.0,f65d4de8-fc52-9eef-dc45-40c9e3e18086,7.0,https://www.facebook.com/permalink.php?story_fbid=pfbid035nscKWJ1cCm6ueUQmQ4n79y8frTCtCShC3Apnv6hWVTLq6JLX9dSEGKBfMBMqcHul&id=61574530945308,0.0,ni kweli mheshimiwa Mimi kura yangu ni yako sawa lakini leo umeniuthi kweli ruto wantam sasa ukiendelea ivi nitatoka pande yako aii apana kura naona ukiipotesa Sasa mheshimiwa wangu chunga,,,,,,,,,,,,,,,Kenya,Peace,Hate Speech,Peace,2026-01-15 15:40:46.723151 UTC,2325,high,,,,,,,,,,,,,,0.0,,,,0.0,0.0,,0.0,,0.0,0.0,0.0,0.0,0.0,0.0,,0.0,0.0,0.0,0.0,0.0,0.0,0.0,0.0,0.0,0.0,0.0,0.0,0.0,0.0,0.0,0.0,0.0,0.0,0.0,0.0,0.0,0.0,,0.0,0.0,0.0,0.0,0.0,0.0,,,,,,,,,,,,,,,,0.9995275735855104,0.0001456091267755,0.0003268515865784,Normal,0.9995275735855104,0.9995239973068236,0.0004760646261274,,,,,,,,,,,,,,,,,,,,,,,,,,,,,,,,,,,,
facebook,f9fb7127-62d6-775d-e6a6-26c69b7e09f3,Shabaeba Man,4.0,2025-11-30,2025-11-30 08:44:08 UTC,1330.0,2b3f0dd7-ef32-bb17-7f2f-4743593d0271,4.0,https://www.facebook.com/permalink.php?story_fbid=pfbid0wnJ4mpC1bPCqssh1TGLEyKkyQQtkbNuR8ASKae6c547Ai57kqPyZ6Kb3GkSkRLtxl&id=61574530945308,0.0,ni kweli mheshimiwa wangu kura yangu ni yako lakini apa aii siwesi taka apa ruto wantam mhesh wee chunga kupotesa kura yangu na sio yangu aii apana siwesi apo ruto wantam na Mimi nikona Id nimesema ivo wewe na wewe uchunge  kura yangu nimesema kwa makasiko ruto wantam na Id iko chunga mudomo mhesh kwa iyo ujanifuraisa mhesh,,,,,,,,,,,,,,,Kenya,Peace,Hate Speech,Peace,2026-01-15 15:40:46.723151 UTC,2325,high,,,,,,,,,,,,,,0.0,,,,0.0,0.0,,0.0,,0.0,0.0,0.0,0.0,0.0,0.0,,0.0,0.0,0.0,0.0,0.0,0.0,0.0,0.0,0.0,0.0,0.0,0.0,0.0,0.0,0.0,0.0,0.0,0.0,0.0,0.0,0.0,0.0,,0.0,0.0,0.0,0.0,0.0,0.0,,,,,,,,,,,,,,,,0.003981149289757,0.0004797854926437,0.9955390095710754,Hate,0.9955390095710754,0.9995527863502502,0.0004472484870348,,,,,,,,,,,,,,,,,,,,,,,,,,,,,,,,,,,,
facebook,4ef13ee5-cfe1-ade2-98ee-67df871ce0af,Johnmary Zaire,1.0,2025-11-30,2025-11-30 09:04:20 UTC,1330.0,065a30bc-d411-f835-0e5c-2490e72cd88c,7.0,https://www.facebook.com/johnmary.zaire/posts/pfbid02AgPEz68CvcNa5tgsweX7Bh8bgWZK9ZcHBJeNjodjxej5GN6oTizbqgbeEz7tybAxl,0.0,"Truth be said. Kenyans love Kikuyus while the Kikuyu hate Kenyans. Do you know a non-Kikuyu cannot buy land within Kikuyuni to build a home and live with his family there comfortably without being disturbed by Kikuyus. Even opening up a business within Kikuyus is a problem because first they will not buy from your business and furthermore they will be stealing from it every night because it is a business that does not belong to their fellow Kikuyu. Have you ever seen a non Kikuyu being elected for any political post within Kikuyus. They can't elect anybody who is not a Kikuyu to represent them anywhere in any capacity. In other regions Kikuyus lives ,they have homes without any interference from the people of those regions. There are Kikuyus who are MPs and MCAs within Kalenjin people. They do business across the country but no one bothers to disturb them. People buy from their businesses daily. Let's be very careful with them. Right now they are drawing Kenyans into their war because they want to get back to get back to Presidency. Do you think a kikuyu can change his name to be a luo,a kisii ,a Kalenjin,a Luhya or a Kambas name?? No they can't.... According to their 1969 oath which they took by drinking raw blood and eating soil while walking naked ,no other tribe should be President apart from them. That's why they are everywhere fighting Ruto and they want to drag Kenyans into their war. Let us say no! Ruto has been the best President ever since Kenya got independence. While Kikuyus was in power , development was done only to Central while neglecting other regions. #WeAreAllKenyans...Let us not allow the Kikuyu community to drag us into their war because even if they win they will sideline us and forget us....#WeAreAllKenyans....Ruto kumi bila break,, 👋👋",,,,,,,,,,,,,,,Kenya,Peace,Hate Speech,Peace,2026-01-15 15:40:46.723151 UTC,2325,very_high,,medium,low,low,medium,low,low,medium,,,,,,0.0,,,,0.0,0.0,,0.0,,0.0,0.0,0.0,0.0,0.0,0.0,,0.0,0.0,0.0,0.0,0.0,0.0,0.0,0.0,0.0,0.0,0.0,0.0,0.0,0.0,0.0,0.0,0.0,0.0,0.0,0.0,0.0,0.0,,0.0,0.0,0.0,0.0,0.0,0.0,,,,,,,,,,,,,,,,0.0010222115088254,0.00203512981534,0.996942698955536,Hate,0.996942698955536,0.956303894519806,0.043696079403162,,,,,,,,,,,,,,,,,,,,,,,,,,,,,,,,,,,,
facebook,a06f2bfc-84bd-98a9-9d36-d80fc93fb780,Taym Tv,0.0,2025-11-30,2025-11-30 09:32:19 UTC,1330.0,a1ab5e96-9ef5-06e1-88ef-38604b2c33fc,1.0,https://www.facebook.com/groups/364049301671614/posts/1333329191410282/,0.0,"POPE LEO XIV BEGINS HISTORIC PILGRIMAGE: A MESSAGE OF HOPE AND INTERFAITH UNITY FOR THE PEOPLE OF LEBANON
The Apostolic Visit of Pope Leo XIV commenced today in Beirut, dedicated entirely to offering profound spiritual and humanitarian solidarity to the Lebanese people. Operating under the guiding motto, ""Blessed are the peacemakers,"" the Pontiff’s three-day journey seeks to affirm the vitality of the local Christian community and promote the country’s unique model of coexistence among diverse faiths.
The extensive itinerary is designed to reach the hearts of the community, beginning with a deeply anticipated visit to the revered tomb of Saint Charbel Makhlouf in Annaya and a unifying gathering with bishops, priests, and religious figures at the iconic Shrine of Our Lady of Lebanon in Harissa.
A major highlight will be an Ecumenical and Interreligious Meeting planned for Monday at the historically symbolic Martyrs' Square, emphasizing the Pope's commitment to dialogue and shared humanity across all confessions. The visit will also include moments of profound compassion, such as meeting with staff and patients at the Sisters of the Cross Hospital and a silent, solemn prayer at the location of the 2020 Port tragedy, reflecting sorrow and encouraging resilience. The pilgrimage culminates with a grand Papal Mass on Tuesday at the Beirut Waterfront, where tens of thousands are expected to gather in a monumental show of faith and community strength.
#TaymTV #PopeLeoXIV #Lebanon #PapalVisit #Beirut #StCharbel #Harissa #OurLadyOfLebanon #InterfaithUnity #SpiritualJourney #CommunityStrong #BeirutMass #Christianity #HopeAndResilience #CultureOfPeace",,,,,,,,,,,,,,,Kenya,Peace,Hate Speech,Peace,2026-01-15 15:40:46.723151 UTC,2325,,very_high,low,low,low,low,low,low,medium,,,,,,0.0,,,,0.0,0.0,,1.0,,1.0,0.0,0.0,0.0,0.0,0.0,,0.0,0.0,0.0,0.0,0.0,0.0,0.0,0.0,0.0,1.0,0.0,0.0,0.0,0.0,0.0,0.0,0.0,0.0,0.0,0.0,0.0,0.0,,0.0,0.0,0.0,0.0,0.0,0.0,,,,,,,,,,,,,,,,0.9997416138648988,0.0001614003413124,9.704392869025467e-05,Normal,0.9997416138648988,0.9997485280036926,0.0002514102961868,,,,,,,,,,,,,,,,,,,,,,,,,,,,,,,,,,,,
facebook,29e522d7-063e-3e1d-6f87-d20d507e7ec6,Abdiqani Moha,62.0,2025-11-30,2025-11-30 10:56:04 UTC,1330.0,ec207b45-970b-bdac-6c96-ffa9d89507bf,107.0,https://www.facebook.com/abdiqani.moha.14/posts/pfbid02bDih5TavNJXHm8MDNXSzAC91K1sNoXP2NivYrmoCuoPiajE14Jt38jt2uTziuPjJl,0.0,Why are the SUPKEM Chairman Sheikh Adan Yunis and the Wajir religious scholars silent about this growing bad behavior?,,,,,,,,,,,,,,,Kenya,Peace,Hate Speech,Peace,2026-01-15 15:40:46.723151 UTC,2325,,high,low,low,low,low,low,low,low,,,,,,0.0,,,,0.0,0.0,,0.0,,0.0,0.0,0.0,0.0,0.0,0.0,,0.0,0.0,0.0,0.0,0.0,0.0,0.0,0.0,0.0,0.0,0.0,0.0,0.0,0.0,0.0,0.0,0.0,0.0,0.0,0.0,0.0,0.0,,0.0,0.0,0.0,0.0,0.0,0.0,,,,,,,,,,,,,,,,0.9974220991134644,0.0022516318131238,0.0003263258258812,Normal,0.9974220991134644,0.9941660165786744,0.0058339755050837,,,,,,,,,,,,,,,,,,,,,,,,,,,,,,,,,,,,
facebook,af1e0235-2504-93bf-6407-43e63200bc72,Sauti Ya Watanzania,19.0,2025-11-30,2025-11-30 11:14:19 UTC,1330.0,984f3a14-a6a2-145a-457e-bbcb645966a7,355.0,https://www.facebook.com/reel/1557736801818200/,34.0,"📌📌Hivi ndio vitu pekee watanzania tunataka.

📌📌Tunataka utawala wa sheria na katiba. Sio mtu awe anajitokea from no where anaua watu afu anajitangazia kura million 31 na anataka kuongoza kwa miaka 5. Yaani mitutu ikuchague afu irakere kuongoza watu ???

‼️‼️Tanzania hatuna serikali. Serikali haramu haijachaguliwa na wananchi. Mwambegele aende akawape vyeo huko alikozitoa hizo kura million 31. Ila sisi wananchi wa Tanzania, hatukuwaona hao binadamu million 31 anaowataja Mwambegele.

🩸🩸Guys guys , tukiwaacha hawa serikali haramu wakatawala, basi 2030 tujiandae kuuwawa malaki kwa malaki. Wendawazimu watakuwa wanajiingiza vyeoni kwa mitutu na gharama za damu za watanzania.

🩸🩸Madiwani, wabunge na Rais wao wooote wameshiriki kuua watanzania ili wao watangazwe na Mwambegele. Woooote wamekubali kupindua mamlaka ya wananchi, wakakubali kutangazwa bila kupigiwa kura. Hawa wooote ni maadui wa wananchi.

🇹🇿🇹🇿Habari za NIA NJEMA wapeleke kwenye mahusiano. Sisi tunataka serikali iliyopewa madaraka na wananchi kama katiba yetu inavyosema.

Uchaguzi urudiweeeee. 

#kataawahuni #Tutaelewanatu #December9 #TUTAKUWEPO",,,,,,,,,,,,,,,Kenya,Peace,Hate Speech,Peace,2026-01-15 15:40:46.723151 UTC,2325,,very_high,,,,,,,,,,,,,0.0,,,,0.0,0.0,,0.0,,0.0,0.0,0.0,0.0,0.0,0.0,,0.0,0.0,0.0,0.0,0.0,0.0,0.0,0.0,0.0,0.0,0.0,0.0,0.0,0.0,0.0,0.0,0.0,0.0,0.0,0.0,0.0,0.0,,0.0,0.0,0.0,0.0,0.0,0.0,,,,,,,,,,,,,,,,0.0008400958031415,0.0002479957765899,0.9989118576049804,Hate,0.9989118576049804,0.9993016719818116,0.0006982695194892,,,,,,,,,,,,,,,,,,,,,,,,,,,,,,,,,,,,
facebook,f2dd6294-a548-d0e0-08cf-812b7cf27672,Ali Kofi Adan,2.0,2025-11-30,2025-11-30 12:46:05 UTC,1330.0,72eb710e-b0e6-33e1-2048-562ce667a205,2.0,https://www.facebook.com/ali.adan.718/posts/pfbid03iR82QcvUkwJTDDTcwvFUYKkrC4ndhNCh2swUo6vT9jCeDFJCGPQ7XBq4EvzAMyFl,0.0,"Misleading Role Models: Wajir TikTokers Are Misguiding Our Boys
The rise of certain TikTok personalities in Wajir is creating a dangerous trend among our young boys. Images like this—showing flashy hairstyles, braided hair, and attention-seeking behaviour—are becoming the new “fashion” that many youths now copy without understanding the cultural and moral damage behind it.
These influencers promote appearance over discipline, fame over values, and trends over responsibility. Our boys are learning the wrong lessons from people who offer nothing productive to their future.
SUPKEM, Wajir Culumas, and community elders must act now and speak against this growing influence. Parents must also guide their children before TikTok replaces real role models. Our youth deserve better than being shaped by misguided online personalities.",,,,,,,,,,,,,,,Kenya,Peace,Hate Speech,Peace,2026-01-15 15:40:46.723151 UTC,2325,,very_high,low,low,low,low,low,low,medium,,,,,,0.0,,,,0.0,0.0,,0.0,,0.0,0.0,0.0,0.0,0.0,0.0,,0.0,0.0,0.0,0.0,0.0,0.0,0.0,0.0,0.0,0.0,0.0,0.0,0.0,0.0,0.0,0.0,0.0,0.0,0.0,0.0,0.0,0.0,,0.0,0.0,0.0,0.0,0.0,0.0,,,,,,,,,,,,,,,,0.0273182447999715,0.8994265794754028,0.0732551887631416,Abusive,0.8994265794754028,0.999428689479828,0.0005712953279726,,,,,,,,,,,,,,,,,,,,,,,,,,,,,,,,,,,,
facebook,f679758f-bf7c-4ede-9419-332ac1ed5cdb,Ecumenical News,4.0,2025-11-30,2025-11-30 12:53:37 UTC,1330.0,da1dbe68-32b2-88a5-1d52-1db249c7c5fe,48.0,https://www.facebook.com/permalink.php?story_fbid=pfbid0247EuZYTf5NjkSV9AcardGY7PsKhA5bL4xwVbZGSuGCSWzDsTQam5e9662nXhCdxpl&id=100088924374784,42.0,"🔴 #تركيا | البابا لاون الرابع عشر في كاتدرائية الأرمن بإسطنبول: «لتزهر لغة المحبة في سبيل الحوار!»
زيارة روحية ومسكونية وتاريخية تحمل أبعادًا تتخطّى حدود الزمان والمكان

Pope Leo XIV at the Armenian Cathedral in Istanbul: “May the Language of Love Blossom for the Sake of Dialogue!”
A spiritual, ecumenical, and historic visit carrying dimensions that transcend time and space

— إسطنبول، 30 نوفمبر (تشرين الثاني) 2025

⭕️ في مشهد مسكوني استثنائي يجمع بين التاريخ والحاضر، تجسّد في إسطنبول يوم الأحد التلاقي العميق بين الكنائس الشرقية والكاثوليكية، حين زار قداسة البابا لاون الرابع عشر كاتدرائية الأرمن الأرثوذكس، لتكون شهادة الإيمان الأرمني والتاريخ المسيحي في تركيا حاضرة بكل جلالها وروحانيتها. هذه الزيارة ليست مجرد خطوة رمزية، بل رسالة أمل ووحدة تنبض بالشهادة المسيحية المشتركة، وتعكس الرغبة الصادقة في تعزيز الحوار بين الكنائس ودعم الأقليات المسيحية، وسط تاريخ حافل بالتحديات والابتلاءات.

🔻 حيث اليوم الرابع من زيارته إلى تركيا، قام قداسة البابا لاون الرابع عشر يوم الأحد بزيارة تاريخية إلى كاتدرائية الأرمن الأرثوذكس في إسطنبول، حيث التقى بطريرك الكنيسة الرسولية الأرمنية في تركيا، غبطة البطريرك ساهاك الثاني ماشاليان بطريرك القسطنطينية للأرمن الأرثوذكس، وألقى كلمة مؤثرة أمام أبناء الكنيسة الأرمنية، التي يُقدّر عددها بنحو خمسين ألف نسمة، يتركّز معظمهم في مدينة إسطنبول.

🔻جاءت هذه الزيارة في إطار مبادرة رمزية لتعزيز الحوار بين الكنائس ودعم الأقليات المسيحية في تركيا، وتُعد بادرة مسكونية وروحية لتقوية الروابط الأخوية بين الكنيسة الرسولية الأرمنية والكنيسة الكاثوليكية، وللتذكير بالشهادة التاريخية للشعب الأرمني عبر القرون، خاصة في ظل الظروف المأساوية التي مرّ بها.

🔻وجّه قداسة الحبر الروماني تحياته القلبية إلى قداسة الكاثوليكوس كاريكين الثاني يطريرك الكرسي الأم في إتشميادزين و كاثوليكوس عموم الأرمن، معبّرًا عن شكره للزيارة الأخوية التي قام بها مؤخرًا إلى الكرسي الرسولي، وقال:

«بحسب نعمة الله يزدهر حوار المحبة».

🔻وأشار قداسة البابا إلى شهادة الإيمان العظيمة التي قدّمها الشعب الأرمني عبر التاريخ، وأعرب عن امتنانه العميق للروابط الأخوية المتنامية بين الكنيسة الرسولية الأرمنية والكنيسة الكاثوليكية.

🔻كما استعاد البابا اللحظة التاريخية التي أعقبت المجمع الفاتيكاني الثاني، حين كان الكاثوليكوس كورين الأول في مايو 1967 أول رئيس كنيسة أرثوذكسية شرقية يزور أسقف روما ويتبادل معه قبلة السلام، ثم تلتها الخطوة التاريخية بتوقيع أول إعلان مشترك بين الكاثوليكوس فاسكين الأول والبابا بولس السادس في مايو 1970، حيث دعوا المؤمنين إلى النظر إلى بعضهم كإخوة في المسيح لتعزيز الوحدة. ومنذ ذلك الحين، واصل حوار المحبة ازدهاره بين الكنيستين.

🔻 وأوضح البابا أن هذه الزيارة في ذكرى مرور 1700 سنة على انعقاد أول مجمع مسكوني تمثّل فرصة للاحتفال بقانون الإيمان النيقاوي، ومن هذا الإيمان الرسولي المشترك ينبغي أن نستمد القوة لاستعادة الشركة بين كنيسة روما وكنائس الشرق القديمة، مؤكّدًا:

«الوحدة ليست انصهارًا ولا هيمنة، بل تبادل عطايا الروح القدس».

🔻وشدّد البابا على أهمية استئناف عمل اللجنة الدولية المشتركة للحوار اللاهوتي بين الكنيسة الكاثوليكية والكنائس الأرثوذكسية الشرقية، بهدف البحث في نموذج الشركة الكاملة، مستدلاً برسالة القديس يوحنا بولس الثاني: «ليكونوا واحدًا».

🔻وأشار إلى «سحابة من الشهود» التي تسبقنا على طريق الوحدة، مستحضرًا من التقليد الأرمني شخصية القديس نرسيس الرابع شنورهالي، الكاثوليكوس والشاعر في القرن الثاني عشر، الذي كرّس حياته للمصالحة بين الكنائس، ساعيًا لتحقيق صلاة المسيح: «ليكونوا جميعًا واحدًا».

🔻 وفي ختام كلمته، شكر البابا البطريرك ساهاك الثاني على حفاوة الاستقبال، مؤكدًا التزامه بقضية الوحدة المسيحية، وداعيًا الجميع إلى قبول هبة الوحدة السماوية بقلوب منفتحة لتصبح شهادتهم لحقيقة الإنجيل أكثر إقناعًا، وخدمتهم للكنيسة الواحدة الجامعة المقدسة الرسوليّة أكثر ثمارًا.

⭕️ هذا وقد بدأت الزيارة باستقبال حافل ثم صلاة مسكونية في الكاتدرائية، حيث شارك نحو 500 مؤمن أرمني في الصلاة، تلتها كلمات رسمية لكل من البابا لاون الرابع عشر وغبطة البطريرك ساهاك الثاني ماشاليان، قبل تبادل الهدايا الرمزية وخروج الجانبين إلى ساحة الكاتدرائية للمشاركة في احتفال تدشين حجر تذكاري رخامي باسم البابا.

🔻 وقد رأى مراقبون أن زيارة البابا تحمل رمزية مسكونية كبيرة، كما تمثّل إشارة هادئة لتشجيع جهود المصالحة بين تركيا وأرمينيا، في وقت ما تزال فيه آثار الأحداث التاريخية الأليمة التي شهدها الشعب الأرمني منذ عام 1915، حيث تُقدّر أعداد الضحايا بنحو مليون ونصف المليون، وتصفها بعض المصادر بأنها إبادة جماعية، في حين تنكر تركيا هذا الوصف.

🔹️وأشار ريتشارد غيراغوسيان، مدير «مركز الدراسات الإقليمية» في يريفان، إلى أن:

«الزيارة لا تحمل فقط رمزية التقارب بين الفاتيكان والكنيسة الأرمنية في الشرق، بل تمثّل في جانب منها دعمًا لمسار التطبيع بين تركيا وأرمينيا».

🔻 و تأتي هذا الزيارة لقداسة بابا روما في سياق الذكرى الـ1700 لمجمع نيقية في مدينة إزنيق الحالية، حيث أقرّت الكنيسة الأولى قانون الإيمان النيقاوي، كما تتزامن مع مسار تفاوضي بدأ منذ عام 2021 لتطبيع العلاقات بين تركيا وأرمينيا وإعادة فتح الحدود المغلقة منذ التسعينيات، بالتوازي مع جهود خفض التوتر بين أرمينيا وأذربيجان.

🔻 حيث أشار الخبراء إلى أن البابا لاون الرابع عشر عاش سنواته التكوينية في شيكاغو، حيث كانت الجالية الأرمنية الأمريكية حاضرة بقوة، ما أكسبه فهمًا عميقًا للتراث الروحي الأرمني. وذكرت الصحفية التركية من أصل أرمني فيرجيهان زيفليوغلو:

«لا يُتوقع أن يستخدم البابا مصطلح ""الإبادة"" في الوقت الحالي، خاصةً في ظل المرحلة الراهنة التي تشهد جهودًا ملموسة للتطبيع بين تركيا وأرمينيا».

🔻 و في يريفان، أعرب المواطن أرمن أرشاقيان (65 عامًا) عن اعتقاده أن زيارة البابا لن تغيّر سياسات تركيا، لكنه رأى فيها «خطوة مشرّفة تُعيد التذكير بقضية الشعب الأرمني، الذي يمر اليوم بظروف صعبة».

🔹️أما الشابة ماريا بيتروسيان (31 عامًا)، فرأت أن الزيارة «قد لا تكون ذات أهمية عالمية كبيرة»، لكنها شدّدت على أهميتها في الحفاظ على الحوار بين الكنائس المختلفة.

🔹️من جهته، رأى الأرشمندريت باروير شرنيزيان، عميد المعهد اللاهوتي الأرمني في لبنان، أنّ الزيارة تُظهر أن تركيا جزء من التراث العريق للكنائس المسيحية الشرقية، بما فيها الكنيسة الأرمنية.

🔻و جاءت الزيارة في وقت يشهد فيه جنوب القوقاز توترًا داخليًا، بعد احتجاجات بعض رجال الدين الأرمن على مسار التطبيع مع أذربيجان، واعتقال عدد منهم، بينهم المطران ميكائيل أجاجابهيان، الذي حُكم عليه بالسجن عامين بتهمة «الدعوة لقلب نظام الحكم».

وفي الوقت نفسه، وقّع الفاتيكان اتفاقًا مع أذربيجان حول الحوار بين الأديان، ما أثار اعتراضات لدى بعض الجماعات الأرمنية، في حين واصلت الفاتيكان ممارسة «دبلوماسية خلف الكواليس» للإسهام في إطلاق سراح المعتقلين الأرمن، والذين بلغ عددهم وفق وسائل إعلام نحو 23 معتقلًا.

📍لقد شكلت زيارة البابا لاون الرابع عشر محطة فريدة في تاريخ العلاقات المسكونية، إذ جمعت بين الروحانية العميقة، والشهادة التاريخية للشعب الأرمني، والمساعي الرامية إلى الوحدة والشركة بين الكنائس. إن هذه الخطوة لا تعكس مجرد طقوس ومراسم، بل دعوة حية لكل المسيحيين للتفكر في إرث الإيمان النيقاوي، واستلهام قوة الروح القدس لتعزيز الحوار، والعمل معًا من أجل أن تكون الكنائس واحدة في الشهادة، قوية في الخدمة، ومضيئة في الطريق نحو الشركة الكاملة في المسيح.

Pope Leo XIV at the Armenian Cathedral in Istanbul: “May the Language of Love Blossom for the Sake of Dialogue!”
A spiritual, ecumenical, and historic visit carrying dimensions that transcend time and space

— Istanbul, November 30, 2025

⭕️ In an exceptional ecumenical scene that bridges history and the present, a profound encounter between the Eastern and Catholic Churches unfolded in Istanbul on Sunday, as His Holiness Pope Leo XIV visited the Armenian Orthodox Cathedral. The Armenian Christian witness and the centuries-old Christian presence in Turkey were manifest in all their dignity and spirituality. This visit was far more than a symbolic gesture; it was a message of hope and unity, vibrant with the spirit of the shared Christian testimony. It reflected a sincere desire to strengthen dialogue between the Churches and to support Christian minorities amid a history marked by trials and tribulations.

🔻 On the fourth day of his visit to Turkey, His Holiness Pope Leo XIV paid a historic visit on Sunday to the Armenian Orthodox Cathedral in Istanbul, where he met His Beatitude Patriarch Sahak II Mashalian, Patriarch of Constantinople of the Armenian Orthodox Church. The Pope delivered a deeply moving address before the members of the Armenian Church, whose community numbers approximately fifty thousand believers, most of whom reside in Istanbul.

🔻 This visit formed part of a symbolic initiative aimed at enhancing inter-church dialogue and supporting Christian minorities in Turkey. It stood as an ecumenical and spiritual gesture to strengthen the fraternal ties between the Armenian Apostolic Church and the Catholic Church, and as a reminder of the historical witness of the Armenian people through the centuries, especially in light of the tragic circumstances they have endured.

🔻 His Holiness the Roman Pontiff extended heartfelt greetings to His Holiness Catholicos Karekin II, Catholicos of All Armenians and Patriarch of the Mother See of Holy Etchmiadzin, expressing his gratitude for the fraternal visit recently made to the Apostolic See. The Pope stated:

“By the grace of God, the dialogue of love continues to flourish.”

🔻 The Pope also highlighted the profound witness of faith borne by the Armenian people throughout history, and expressed his deep appreciation for the growing fraternal bonds between the Armenian Apostolic Church and the Catholic Church.

🔻 He also recalled the historic moment following the Second Vatican Council, when Catholicos Khoren I in May 1967 became the first head of an Eastern Orthodox Church to visit the Bishop of Rome and exchange the Kiss of Peace, followed by the historic step of signing the first joint declaration between Catholicos Vasken I and Pope Paul VI in May 1970, inviting the faithful to regard each other as brothers in Christ to promote unity. Since then, the dialogue of love between the two churches has continued to flourish.

🔻 The Pope explained that this visit, marking the 1700th anniversary of the first Ecumenical Council, represents an opportunity to celebrate the Nicene Creed. From this shared apostolic faith, we should draw strength to restore communion between the Church of Rome and the ancient Eastern Churches, affirming:
“Unity is neither fusion nor domination, but the exchange of the gifts of the Holy Spirit.”

🔻 Pope Leo XIV emphasized the importance of resuming the work of the International Joint Commission for Theological Dialogue between the Catholic Church and the Eastern Orthodox Churches to explore a model of full communion, citing the message of Saint John Paul II: “That they may be one.”

🔻 He referred to the “cloud of witnesses” preceding us on the path of unity, recalling from the Armenian tradition Saint Nerses IV Shnorhali, the Catholicos and poet of the 12th century, who devoted his life to reconciliation between the churches, striving to fulfill Christ’s prayer: “That they may all be one.”

🔻 In concluding his address, the Pope thanked Patriarch Sahak II for the warm reception, reaffirmed his commitment to the cause of Christian unity, and urged all to embrace the gift of heavenly unity with open hearts so that their witness to the truth of the Gospel may be more persuasive and their service to the one, holy, catholic, and apostolic Church more fruitful.

⭕️ The visit began with a warm reception followed by an ecumenical prayer at the cathedral, attended by approximately 500 Armenian faithful, followed by official speeches by Pope Leo XIV and His Beatitude Patriarch Sahak II Mashalian, after which symbolic gifts were exchanged, and both sides proceeded to the cathedral courtyard to participate in the inauguration of a marble commemorative stone bearing the Pope’s name.

🔻 Observers noted that the Pope’s visit carries great ecumenical symbolism and also represents a quiet encouragement for reconciliation efforts between Turkey and Armenia, at a time when the historical scars of the Armenian people since 1915 remain. The number of victims is estimated at around one and a half million, with some sources describing it as genocide, a characterization denied by Turkey.

🔹️ Richard Giragosian, Director of the Regional Studies Center in Yerevan, stated:
“The visit not only symbolizes rapprochement between the Vatican and the Armenian Church in the East but also partly represents support for the normalization process between Turkey and Armenia.”

🔻 This papal visit coincides with the 1700th anniversary of the Council of Nicaea in the present-day city of İznik, where the First Church established the Nicene Creed. It also aligns with a negotiation process initiated in 2021 to normalize relations between Turkey and Armenia and reopen borders closed since the 1990s, alongside efforts to reduce tensions between Armenia and Azerbaijan.

🔻 Experts noted that Pope Leo XIV spent his formative years in Chicago, where the Armenian-American community was strongly present, giving him a deep understanding of Armenian spiritual heritage. Turkish-Armenian journalist Feryjan Zevliyoglu remarked:
“It is not expected that the Pope will use the term ‘genocide’ at this time, especially given the current phase of tangible efforts for normalization between Turkey and Armenia.”

🔻 In Yerevan, Armenian citizen Arshakian (65) expressed his belief that the visit would not change Turkey’s policies but considered it “an honorable step that reminds the world of the Armenian people, who continue to face difficult circumstances today.”

🔹️ Young Maria Petrosian (31) saw that the visit “may not have major global significance,” yet stressed its importance in maintaining dialogue between different churches.

🔹️ Archimandrite Parouyr Shrnazian, Dean of the Armenian Theological Institute in Lebanon, noted that the visit demonstrates that Turkey is part of the ancient heritage of Eastern Christian churches, including the Armenian Church.

🔻 The visit took place amid internal tensions in the South Caucasus, following protests by some Armenian clergy against the normalization process with Azerbaijan and the arrest of several, including Archbishop Mikael Ajajabyan, who was sentenced to two years in prison for “inciting the overthrow of the government.” Meanwhile, the Vatican signed an agreement with Azerbaijan on interfaith dialogue, which drew objections from some Armenian groups, while continuing its “behind-the-scenes diplomacy” to help release the arrested Armenians, numbering around 23 according to media reports.

📍 Pope Leo XIV’s visit marked a unique milestone in the history of ecumenical relations, combining profound spirituality, the historical witness of the Armenian people, and efforts aimed at unity and communion between churches. This step reflects not merely rituals and ceremonies but a living call for all Christians to reflect on the legacy of Nicene faith, draw strength from the Holy Spirit to promote dialogue, and work together so that the churches may be one in witness, strong in service, and shining on the path toward full communion in Christ.

#Ecumenical_news",,,,,,,,,,,,,,,Kenya,Peace,Peace,Peace,2026-01-15 15:40:46.723151 UTC,2325,,very_high,,,,,,,,,,,,,0.0,,,,0.0,0.0,,1.0,,1.0,0.0,0.0,0.0,0.0,0.0,,0.0,0.0,0.0,0.0,0.0,0.0,0.0,0.0,0.0,1.0,0.0,1.0,1.0,0.0,0.0,0.0,0.0,0.0,0.0,0.0,0.0,0.0,,0.0,0.0,0.0,0.0,0.0,0.0,,,,,,,,,,,,,,,,0.9997783303260804,0.0001299202413065,9.173377475235613e-05,Normal,0.9997783303260804,0.9996386766433716,0.000361294747563,,,,,,,,,,,,,,,,,,,,,,,,,,,,,,,,,,,,
facebook,8a6cb406-0222-f7bd-9263-21ba961f4491,Bashasha TV,21.0,2025-11-30,2025-11-30 14:25:58 UTC,1330.0,176e2825-6f64-b625-7575-45018014e58d,127.0,https://www.facebook.com/reel/1209005611136572/,0.0,"VIDEO:

Waziri Mkuu wa Tanzania, Dkt. Mwigulu Nchemba, amesema Rais Dkt. Samia Suluhu Hassan amelielekeza Jeshi la Polisi kusitisha kumtafuta Askofu. Josephat Gwajima kama lilivyotangaza awali, ili apate kuendelea na shughuli zake na kutoa fursa ya kujenga umoja wa kitaifa.

Akizungumza leo (Jumapili, Novemba 30, 2025) katika mkutano wa hadhara uliofanyika kwenye uwanja wa Magufuli–Leganga, Usa River wilayani Arumeru, Mwigulu amesema kuwa baada ya Kanisa la Ufufuo na Uzima kupewa msamaha, ni muhimu kiongozi wake akatokeza hadharani kuendelea na majukumu yake.

“Mwacheni ajitokeze. Waumini wanamhitaji. Tujenge umoja wa kitaifa, tushikamane kurudisha amani. Tumekutana na TEC, viongozi wa dini na wa mila; twendeni sote kwenye wito huu wa Mheshimiwa Rais,” amesema.

Amesema Rais Samia ametuma salamu kwa wananchi wa Arumeru na kutambua changamoto walizopitia, ikiwemo vurugu zilizotokea hivi karibuni. “Anatambua yanayotokea, anatambua kazi mnayofanya kujenga Taifa,” amesema Mwigulu.

Kabla ya mkutano huo, Waziri Mkuu alikagua athari za vurugu za Oktoba 29, 2025 ikiwemo kuchomwa moto kwa kituo cha polisi cha Kikatiti, Mahakama ya Mwanzo ya Maji ya Chai na kituo cha mafuta cha Total Energies, pamoja na uporaji na uharibifu wa mali.

Kwa mujibu wa Dkt. Mwigulu, maendeleo katika maeneo kama maji na barabara hayataweza kutekelezwa endapo nchi itaendelea kuwa kwenye misukosuko. “Tukichagua vurugu tunachagua kufukuza maendeleo na kuongeza umaskini,” ameonya.

Ameeleza kuwa uchochezi mwingi unatoka kwa watu waliopo nje ya nchi, akidai kuwa baadhi ya vijana wanaoishi nje wamepokea dola milioni mbili (sawa na shilingi bilioni 4.5) kwa ajili ya kuchochea vurugu. “Wanalipwa ili kutuvuruga. Wana ajenda gani na nchi yetu? Tunajua watazirudishaje hizo fedha?” amehoji.

Amesema kuwa chanzo cha juhudi za kuwavuruga Watanzania ni rasilimali zinazogunduliwa ikiwemo uranium, ambapo Tanzania sasa ina tani 890,000 za ujazo na kuwa nchi ya tisa duniani na ya kwanza Afrika. “Wanalenga tupigane ili wachukue rasilimali. Tumeshuhudia hili likiharibu mataifa mengi ya Afrika,” amesema.

#bashashatvupdates #bashashadigital #bashashamedia",,,,,,,,,,,,,,,Kenya,Peace,Peace,Peace,2026-01-15 15:40:46.723151 UTC,2325,,very_high,,,,,,,,,,,,,0.0,,,,0.0,0.0,,0.0,,0.0,0.0,0.0,0.0,0.0,0.0,,0.0,0.0,0.0,0.0,1.0,0.0,0.0,0.0,0.0,0.0,0.0,1.0,1.0,0.0,0.0,0.0,0.0,1.0,0.0,0.0,0.0,0.0,,0.0,0.0,0.0,0.0,0.0,0.0,,,,,,,,,,,,,,,,0.9997356534004213,0.0001004078294499,0.0001639226247789,Normal,0.9997356534004213,0.9991711378097534,0.0008289436227642,,,,,,,,,,,,,,,,,,,,,,,,,,,,,,,,,,,,
facebook,80ac3066-e2db-9045-22a6-8cd179c8dbe3,Dsm Digital,0.0,2025-11-30,2025-11-30 14:54:13 UTC,1330.0,0298652f-05cd-852d-f263-acc84c081f93,5.0,https://www.facebook.com/Dsmdigital1/posts/pfbid02yN94F32JvRZ9mhYwRWKUJhioDNgLJHA9tpRCcXCxKXHCM1dCZiGR64pPk8pGwCwzl,0.0,"HABARI:Leo hii Waziri Mkuu wa Tanzania, Dkt. Mwigulu Nchemba, amesema Rais Dkt. Samia Suluhu Hassan amelielekeza Jeshi la Polisi kusitisha kumtafuta Askofu. Josephat Gwajima kama lilivyotangaza awali, ili apate kuendelea na shughuli zake na kutoa fursa ya kujenga umoja wa kitaifa.

Akizungumza leo (Jumapili, Novemba 30, 2025) katika mkutano wa hadhara uliofanyika kwenye uwanja wa Magufuli–Leganga, Usa River wilayani Arumeru, Mwigulu amesema kuwa baada ya Kanisa la Ufufuo na Uzima kupewa msamaha, ni muhimu kiongozi wake akatokeza hadharani kuendelea na majukumu yake.

“Mwacheni ajitokeze. Waumini wanamhitaji. Tujenge umoja wa kitaifa, tushikamane kurudisha amani. Tumekutana na TEC, viongozi wa dini na wa mila; twendeni sote kwenye wito huu wa Mheshimiwa Rais,” amesema.

Amesema Rais Samia ametuma salamu kwa wananchi wa Arumeru na kutambua changamoto walizopitia, ikiwemo vurugu zilizotokea hivi karibuni. “Anatambua yanayotokea, anatambua kazi mnayofanya kujenga Taifa,” amesema Mwigulu.

Kabla ya mkutano huo, Waziri Mkuu alikagua athari za vurugu za Oktoba 29, 2025 ikiwemo kuchomwa moto kwa kituo cha polisi cha Kikatiti, Mahakama ya Mwanzo ya Maji ya Chai na kituo cha mafuta cha Total Energies, pamoja na uporaji na uharibifu wa mali.

Kwa mujibu wa Dkt. Mwigulu, maendeleo katika maeneo kama maji na barabara hayataweza kutekelezwa endapo nchi itaendelea kuwa kwenye misukosuko. “Tukichagua vurugu tunachagua kufukuza maendeleo na kuongeza umaskini,” ameonya.

Ameeleza kuwa uchochezi mwingi unatoka kwa watu waliopo nje ya nchi, akidai kuwa baadhi ya vijana wanaoishi nje wamepokea dola milioni mbili (sawa na shilingi bilioni 4.5) kwa ajili ya kuchochea vurugu. “Wanalipwa ili kutuvuruga. Wana ajenda gani na nchi yetu? Tunajua watazirudishaje hizo fedha?” amehoji.

Amesema kuwa chanzo cha juhudi za kuwavuruga Watanzania ni rasilimali zinazogunduliwa ikiwemo uranium, ambapo Tanzania sasa ina tani 890,000 za ujazo na kuwa nchi ya tisa duniani na ya kwanza Afrika. “Wanalenga tup",,,,,,,,,,,,,,,Kenya,Peace,Peace,Peace,2026-01-15 15:40:46.723151 UTC,2325,,very_high,,,,,,,,,,,,,0.0,,,,0.0,0.0,,0.0,,0.0,0.0,0.0,0.0,0.0,0.0,,0.0,0.0,0.0,0.0,1.0,0.0,0.0,0.0,0.0,0.0,0.0,1.0,1.0,0.0,0.0,0.0,0.0,1.0,0.0,0.0,0.0,0.0,,0.0,0.0,0.0,0.0,0.0,0.0,,,,,,,,,,,,,,,,0.9997367262840272,9.856554970610888e-05,0.0001646530436119,Normal,0.9997367262840272,0.9991803765296936,0.0008196477429009,,,,,,,,,,,,,,,,,,,,,,,,,,,,,,,,,,,,
facebook,8d447969-1f47-0010-4f1c-fe0f7b418930,Joe Auriemma,0.0,2025-11-30,2025-11-30 16:19:16 UTC,1330.0,e06089fb-65fd-a0e3-bb8d-2c88719357a8,0.0,https://www.facebook.com/Coach.joea/posts/pfbid0jUiVXakbdPqM2wpFdfWL9CCHKWz4tMEABozdYbCw34FKfRLG72pojNq11rhER54Ql,1.0,";FOR THOSE WHO ARE INTERESTED HERE IS THE WEBSITE , POSTING OR AL SHABAAB"".  TIME TO EDUCATE OURSELVES.. KNOW WHAT IS GOING ON IN OUR COUNTRY, OUR MONEY(TAX) IS BEING MIS-USED AND MIS-REPRESENTED..",,,,,,,,,,,,,,,Kenya,Peace,Hate Speech,Peace,2026-01-15 15:40:46.723151 UTC,2325,high,,low,low,low,low,low,low,medium,,,,,,0.0,,,,0.0,0.0,,0.0,,0.0,0.0,0.0,0.0,0.0,0.0,,0.0,0.0,0.0,0.0,0.0,0.0,0.0,0.0,0.0,0.0,0.0,0.0,0.0,0.0,0.0,0.0,0.0,0.0,0.0,0.0,1.0,1.0,,0.0,0.0,0.0,0.0,0.0,0.0,,,,,,,,,,,,,,,,0.4036900103092193,0.5662164092063904,0.0300935860723257,Abusive,0.5662164092063904,0.9990350008010864,0.0009649832500144,,,,,,,,,,,,,,,,,,,,,,,,,,,,,,,,,,,,
facebook,d896a7e1-a4c2-0f9a-6566-132a546a8cdf,Aden Duale,92.0,2025-11-30,2025-11-30 18:23:10 UTC,1330.0,3d92146f-2e82-1fd8-5733-534e23cafff5,1932.0,https://www.facebook.com/adenduale/posts/pfbid03381kwMih27zaMUp88Gg7ZNX53NqP6k3hd7V6PW93DNS8EUDAKvNg6KeSk8gSVWjEl,54.0,"Presided over the opening of the 4th Sheikh Ali Sufi International Quran Recitation Competition at Sir Ali Muslim Club, Nairobi.

The event has drawn 30 gifted participants from 20 countries across Africa, Europe, Asia and the Americas.

Over the next week, they will demonstrate remarkable mastery of Quran memorization and recitation before a distinguished panel of six judges drawn from six nations.

Organized by Sheikh Abdirashid Ali Sufi in partnership with Ansar Sunna Islamic Organisation under Sheikh Abirazak Abdullahi Adan, the competition seeks to inspire peace, unity and spiritual growth through the beauty of the Holy Quran.

I urged the Muslim faithful to uphold its teachings and embody the virtues and guidance it offers in every sphere of life.

Present at the event were Abdirashid Ali Sufi from Qatar, SUPKEM Chairman Hassan Ole Naado, Sheikh Prof. Ahmed Issa Al-Ma’sarawi (Egypt), Sheikh Dr. Waleed bin Idrees Al-Maneese (United States), Sheikh Prof. Sohail Mohammed Iqbal (Kenya) among a host of Islamic scholars.",,,,,,,,,,,,,,,Kenya,Peace,Hate Speech,Peace,2026-01-15 15:40:46.723151 UTC,2325,,very_high,low,low,low,low,low,low,medium,,,,,,0.0,,,,0.0,0.0,,0.0,,1.0,0.0,0.0,0.0,0.0,0.0,,0.0,0.0,0.0,0.0,0.0,0.0,0.0,0.0,0.0,0.0,0.0,0.0,0.0,0.0,0.0,0.0,0.0,0.0,0.0,0.0,0.0,0.0,,0.0,0.0,0.0,0.0,0.0,0.0,,,,,,,,,,,,,,,,0.9996991157531738,0.0001966791023733,0.0001043338270392,Normal,0.9996991157531738,0.9996392726898192,0.0003607695398386,,,,,,,,,,,,,,,,,,,,,,,,,,,,,,,,,,,,
facebook,f0e42130-2b63-e401-b1e5-e95f77bcebb0,Issa Abdull,0.0,2025-11-30,2025-11-30 18:42:32 UTC,1330.0,41d2460a-870c-43c6-9b1f-b2c94e1d33b7,4.0,https://www.facebook.com/Issa785/posts/pfbid02gD8HWXdgYjq53nTN7Yn2pyFuM3bUj6pYoTp6XZ31uwDoK2yLXwwbK712y2ds871jl,0.0,"CS Aden Dualle was honoured to preside over the opening ceremony of The 4th Sheikh Ali Sufi International Quran Recitation Competition  at the Sir Ali Muslim Club in Nairobi, 

This year's competition has attracted a diverse pool of 30 talented competitors from 20 countries across Africa, Europe, Asia, and the Americas. Over the next week, these individuals will showcase their exceptional understanding, memorization, and recitation skills of the Holy Quran before a panel of six esteemed judges drawn from six different countries.

The event is organized by renowned Muslim scholar and professional Quran reciter Sheikh Abdirashid Ali Sufi from Qatar, in collaboration with Ansar Sunna Islamic Organisation led by Sheikh Abirazak Abdullahi Adan. The competition aims to promote the values of peace, unity, and spiritual growth through the beautiful recitation of the Quran.

Throughout the week-long competition, participants will be assessed on their mastery of the Quran's complex recitation rules, melodious voice quality, and emotional expression. The judges will carefully evaluate each performance to determine the winners in various categories.

He called on the Muslim faithful to uphold the teaching of the holy scripture and live by the virtues of the supreme guidance it offers through every aspect of their lives.

Also present in the event were, Abdirashid Ali Sufi from Qatar, SUPKEM Chairman Hassan Ole Naado, Sheikh Prof. Ahmed Issa Al-Ma’sarawi (Egypt), Sheikh Dr. Waleed bin Idrees Al-Maneese (United States), Sheikh Prof. Sohail Mohammed Iqbal (Kenya) among a host of Islamic scholars.",,,,,,,,,,,,,,,Kenya,Peace,Hate Speech,Peace,2026-01-15 15:40:46.723151 UTC,2325,,very_high,low,low,low,low,low,low,medium,,,,,,0.0,,,,0.0,0.0,,0.0,,1.0,0.0,0.0,0.0,0.0,0.0,,0.0,0.0,0.0,0.0,0.0,0.0,0.0,0.0,0.0,0.0,0.0,0.0,0.0,0.0,0.0,0.0,0.0,0.0,0.0,0.0,0.0,0.0,,0.0,0.0,0.0,0.0,0.0,0.0,,,,,,,,,,,,,,,,0.9996764659881592,0.0002307934337295,9.267298446502537e-05,Normal,0.9996764659881592,0.9995450377464294,0.0004549798904918,,,,,,,,,,,,,,,,,,,,,,,,,,,,,,,,,,,,
facebook,2cd5c7f7-f226-4b50-af50-108a831fb3e2,Mnunuwa K Kwabei Kubwa,0.0,2025-11-30,2025-11-30 18:46:10 UTC,1330.0,bc6c011c-3ab3-7c4e-750e-e9a14fa49147,1.0,https://www.facebook.com/groups/929022214142463/posts/2598391570538844/,0.0,Sisiotenindugu watotowa mamammoja,,,,,,,,,,,,,,,Kenya,Peace,Hate Speech,Peace,2026-01-15 15:40:46.723151 UTC,2325,,very_high,,,,,,,,,,,,,0.0,,,,0.0,0.0,,0.0,,0.0,0.0,0.0,0.0,0.0,0.0,,0.0,0.0,0.0,0.0,0.0,0.0,0.0,0.0,0.0,0.0,0.0,0.0,0.0,0.0,0.0,0.0,0.0,0.0,0.0,0.0,0.0,0.0,,0.0,0.0,0.0,0.0,0.0,0.0,,,,,,,,,,,,,,,,0.9982010126113892,0.0001855034788604,0.0016134147299453,Normal,0.9982010126113892,0.9996646642684937,0.0003352996136527,,,,,,,,,,,,,,,,,,,,,,,,,,,,,,,,,,,,
facebook,95b4f45b-72ea-c404-bf52-ee58991c2bfc,Hayaantribune,0.0,2025-11-30,2025-11-30 18:49:29 UTC,1330.0,590c12e2-a00f-342b-b580-89efcce805e3,9.0,https://www.facebook.com/hayaantribune/posts/pfbid02JtedPvXMYXYrXDkJ8zqrKbKtGrnBMUoXYRF1ox9ZVL5mVzUoeMaZJca4tVNfn3sAl,1.0,"Presided over the opening of the 4th Sheikh Ali Sufi International Quran Recitation Competition at Sir Ali Muslim Club, Nairobi.

The event has drawn 30 gifted participants from 20 countries across Africa, Europe, Asia and the Americas.

Over the next week, they will demonstrate remarkable mastery of Quran memorization and recitation before a distinguished panel of six judges drawn from six nations.

Organized by Sheikh Abdirashid Ali Sufi in partnership with Ansar Sunna Islamic Organisation under Sheikh Abirazak Abdullahi Adan, the competition seeks to inspire peace, unity and spiritual growth through the beauty of the Holy Quran.

I urged the Muslim faithful to uphold its teachings and embody the virtues and guidance it offers in every sphere of life.

Present at the event were Abdirashid Ali Sufi from Qatar, SUPKEM Chairman Hassan Ole Naado, Sheikh Prof. Ahmed Issa Al-Ma’sarawi (Egypt), Sheikh Dr. Waleed bin Idrees Al-Maneese (United States), Sheikh Prof. Sohail Mohammed Iqbal (Kenya) among a host of Islamic scholars.
#Hayaantribune",,,,,,,,,,,,,,,Kenya,Peace,Hate Speech,Peace,2026-01-15 15:40:46.723151 UTC,2325,,very_high,low,low,low,low,low,low,medium,,,,,,0.0,,,,0.0,0.0,,0.0,,1.0,0.0,0.0,0.0,0.0,0.0,,0.0,0.0,0.0,0.0,0.0,0.0,0.0,0.0,0.0,0.0,0.0,0.0,0.0,0.0,0.0,0.0,0.0,0.0,0.0,0.0,0.0,0.0,,0.0,0.0,0.0,0.0,0.0,0.0,,,,,,,,,,,,,,,,0.9997023940086364,0.0001943083043443,0.000103286736703,Normal,0.9997023940086364,0.9997032284736632,0.0002967912587337,,,,,,,,,,,,,,,,,,,,,,,,,,,,,,,,,,,,
facebook,174916e4-20c6-e20b-cb9b-d683656638a6,Radio Qoryooley,0.0,2025-11-30,2025-11-30 19:13:09 UTC,1330.0,7b84dba4-9dfc-84ff-83d8-e5a0eb91b800,47.0,https://www.facebook.com/permalink.php?story_fbid=pfbid0256U3ayafP4WMUFcPyHxohGFR5VbpzN2F1cNQmfpQNeFUhXYgFKLDg7BgyAsBzn9tl&id=100069398980281,0.0,"IN PICTURES: Health CS Aden Duale presided over the 4th Sheikh Ali Sufi International Quran Recitation Competition held at Sir Ali Muslim Club in Nairobi, hosting 30 participants from 20 countries for a week-long showcase of Quran recitation before an international panel of judges. The event, attended by prominent scholars including Abdirashid Ali Sufi and SUPKEM Chairman Hassan Ole Naado, highlighted the competition’s role in promoting peace, unity, and spiritual growth.",,,,,,,,,,,,,,,Kenya,Peace,Hate Speech,Peace,2026-01-15 15:40:46.723151 UTC,2325,,very_high,low,low,low,low,low,low,low,,,,,,0.0,,,,0.0,0.0,,0.0,,1.0,0.0,0.0,0.0,0.0,0.0,,0.0,0.0,0.0,0.0,0.0,0.0,0.0,0.0,0.0,0.0,0.0,0.0,0.0,0.0,0.0,0.0,0.0,0.0,0.0,0.0,0.0,0.0,,0.0,0.0,0.0,0.0,0.0,0.0,,,,,,,,,,,,,,,,0.9997231364250184,0.0001956716878339,8.113309013424441e-05,Normal,0.9997231364250184,0.9996708631515504,0.0003291141183581,,,,,,,,,,,,,,,,,,,,,,,,,,,,,,,,,,,,
facebook,22168a33-4252-8ae3-b7a4-947d7d499b4f,𝗦𝗢𝗠𝗔𝗟𝗜 𝗩𝗢𝗜𝗖𝗘 𝗧𝗩,0.0,2025-11-30,2025-11-30 19:17:31 UTC,1330.0,bc3f9b21-b50a-472d-e2f8-d5fbc7920b76,2.0,https://www.facebook.com/permalink.php?story_fbid=pfbid029puraHEJNcm1J72UmQzxSNY8skYjutRsuZBkNKPbR9aef9iCAK9Dc59cnLz1Rd8Dl&id=61584535881608,0.0,"Health CS Aden Duale presided over the 4th Sheikh Ali Sufi International Quran Recitation Competition held at Sir Ali Muslim Club in Nairobi, hosting 30 participants from 20 countries for a week-long showcase of Quran recitation before an international panel of judges. The event, attended by prominent scholars including Abdirashid Ali Sufi and SUPKEM Chairman Hassan Ole Naado, highlighted the competition’s role in promoting peace, unity, and spiritual growth.",,,,,,,,,,,,,,,Kenya,Peace,Hate Speech,Peace,2026-01-15 15:40:46.723151 UTC,2325,,very_high,low,low,low,low,low,low,low,,,,,,0.0,,,,0.0,0.0,,0.0,,1.0,0.0,0.0,0.0,0.0,0.0,,0.0,0.0,0.0,0.0,0.0,0.0,0.0,0.0,0.0,0.0,0.0,0.0,0.0,0.0,0.0,0.0,0.0,0.0,0.0,0.0,0.0,0.0,,0.0,0.0,0.0,0.0,0.0,0.0,,,,,,,,,,,,,,,,0.9997287392616272,0.0001821176701923,8.919814717955887e-05,Normal,0.9997287392616272,0.9996846914291382,0.0003152856661472,,,,,,,,,,,,,,,,,,,,,,,,,,,,,,,,,,,,
facebook,3d55fc9b-045c-4e14-b238-5f07076a2b50,peace starts with me campaign in LIB.,0.0,2025-11-30,2025-11-30 19:45:01 UTC,1330.0,f96eefd3-8d4f-8a78-b9bf-8b83d2dfd414,1.0,https://www.facebook.com/permalink.php?story_fbid=pfbid0uButejvMEMXZRhuDJfvSzdY6jGaZfnj3qqMSrmUwZw56ruePtaSDZDwHVgFCJbrXl&id=61578702450073,2.0,"#Genesis 1: 27, so God created man in his own image, in the image of God. He created him; male and female.",,,,,,,,,,,,,,,Kenya,Peace,Hate Speech,Peace,2026-01-15 15:40:46.723151 UTC,2325,,very_high,low,low,low,low,low,low,low,,,,,,0.0,,,,0.0,0.0,,0.0,,0.0,0.0,0.0,0.0,0.0,0.0,,0.0,0.0,0.0,0.0,0.0,0.0,0.0,0.0,0.0,0.0,0.0,0.0,0.0,0.0,0.0,0.0,0.0,0.0,0.0,0.0,0.0,0.0,,0.0,0.0,0.0,0.0,0.0,0.0,,,,,,,,,,,,,,,,0.9997308850288392,0.0001790108071872,9.01466337381862e-05,Normal,0.9997308850288392,0.999603807926178,0.0003961703041568,,,,,,,,,,,,,,,,,,,,,,,,,,,,,,,,,,,,
facebook,f5b0f56f-3f1b-a3c4-d68d-f5c360a34d21,Jaggy Gag,3.0,2025-11-30,2025-11-30 20:49:28 UTC,1330.0,38a56627-8ccc-7e5d-04a7-2a38ee974301,7.0,https://www.facebook.com/groups/1021770499083979/posts/1347960049798354/,0.0,Iniui kwaria maa ndiri murata mundu rume onakana mundu muka niku mathura hihi??ndonire murata noa kura githie omukiaragia nakee agituaga ni murata nginya mwana waku chunga sana baya sana.,,,,,,,,,,,,,,,Kenya,Peace,Hate Speech,Peace,2026-01-15 15:40:46.723151 UTC,2325,high,,,,,,,,,,,,,,0.0,,,,0.0,0.0,,0.0,,0.0,0.0,0.0,0.0,0.0,0.0,,0.0,0.0,0.0,0.0,0.0,0.0,0.0,0.0,0.0,0.0,0.0,0.0,0.0,0.0,0.0,0.0,0.0,0.0,0.0,0.0,0.0,0.0,,0.0,0.0,0.0,0.0,0.0,0.0,,,,,,,,,,,,,,,,0.0004698006669059,0.9986554384231568,0.0008747492101974,Abusive,0.9986554384231568,0.9996507167816162,0.0003492595278657,,,,,,,,,,,,,,,,,,,,,,,,,,,,,,,,,,,,
facebook,9d50c949-3498-1fc4-01a2-c0086b191d8b,Belvedere Family Community,0.0,2025-11-30,2025-11-30 22:15:04 UTC,1330.0,b6a045fe-1a24-2d63-b955-5abd12c45c92,5.0,https://www.facebook.com/reel/1364073921786035/,0.0,"Check out the new Grace Meditation on our YouTube channel. A gentle reminder that we are always held and guided ✨🙏

#PeaceStartsWithMe #GuidedByMotherHan #MeditationSeries #GlobalPeace #GodsGrace",,,,,,,,,,,,,,,Kenya,Peace,Hate Speech,Peace,2026-01-15 15:40:46.723151 UTC,2325,,very_high,low,low,low,low,low,low,medium,,,,,,0.0,,,,0.0,0.0,,0.0,,0.0,0.0,0.0,0.0,0.0,0.0,,0.0,0.0,0.0,0.0,0.0,0.0,0.0,0.0,0.0,0.0,0.0,0.0,0.0,0.0,0.0,0.0,0.0,0.0,0.0,0.0,0.0,0.0,,0.0,0.0,0.0,0.0,0.0,0.0,,,,,,,,,,,,,,,,0.9997116923332214,0.000203340081498,8.497495582560077e-05,Normal,0.9997116923332214,0.9997861981391908,0.0002137611154466,,,,,,,,,,,,,,,,,,,,,,,,,,,,,,,,,,,,
facebook,3a4fced7-8ea1-581a-3404-f61435a22f73,Blessed Victor Bett,1.0,2025-12-01,2025-12-01 04:40:10 UTC,1330.0,36cc0d5f-4a1c-bd19-53ee-b6db7db07cd1,17.0,https://www.facebook.com/permalink.php?story_fbid=pfbid0gBvfmXEKmL2qmFc8y92XjRHwT8ZJXLzio8RvYS4HxZduUUPV7Nh3XbHAHtjJbr5fl&id=61561591624600,0.0,"#FACTS; Kenyans love Kikuyus while the Kikuyu hate Kenyans. Do you know a non-Kikuyu cannot buy land within Kikuyuni to build a home and live with his family there comfortably without being disturbed by Kikuyus. Even opening up a business within Kikuyus is a problem because first they will not buy from your business and furthermore they will be stealing from it every night because it is a business that does not belong to their fellow Kikuyu. Have you ever seen a non Kikuyu being elected for any political post within Kikuyus. They can't elect anybody who is not a Kikuyu to represent them anywhere in any capacity. In other regions Kikuyus lives ,they have homes without any interference from the people of those regions. There are Kikuyus who are MPs and MCAs within Kalenjin people. They do business across the country but no one bothers to disturb them. People buy from their businesses daily. Let's be very careful with them. Right now they are drawing Kenyans into their war because they want to get back to get back to Presidency. Do you think a kikuyu can change his name to be a luo,a kisii ,a Kalenjin,a Luhya or a Kambas name?? No they can't.... According to their 1969 oath which they took by drinking raw blood and eating soil while walking naked ,no other tribe should be President apart from them. That's why they are everywhere fighting Ruto and they want to drag Kenyans into their war. Let us say no! Ruto has been the best President ever since Kenya got independence. While Kikuyus was in power , development was done only to Central while neglecting other regions. #WeAreAllKenyans...Let us not allow the Kikuyu community to drag us into their war because even if they win they will sideline us and forget us....#WeAreAllKenyans....Ruto kumi bila break,, Blessed Victor Bett",,,,,,,,,,,,,,,Kenya,Peace,Hate Speech,Peace,2026-01-15 15:40:46.723151 UTC,2325,very_high,,medium,low,low,medium,low,low,medium,,,,,,0.0,,,,0.0,0.0,,0.0,,0.0,0.0,0.0,0.0,0.0,0.0,,0.0,0.0,0.0,0.0,0.0,0.0,0.0,0.0,0.0,0.0,0.0,0.0,0.0,0.0,0.0,0.0,0.0,0.0,0.0,0.0,0.0,0.0,,0.0,0.0,0.0,0.0,0.0,0.0,,,,,,,,,,,,,,,,0.000959689146839,0.0026742226909846,0.996366024017334,Hate,0.996366024017334,0.9822401404380798,0.0177598912268877,,,,,,,,,,,,,,,,,,,,,,,,,,,,,,,,,,,,
facebook,3523f53c-3577-9b20-1b4a-8099614c2ba4,Trumpet Live,0.0,2025-12-01,2025-12-01 05:08:04 UTC,1330.0,73a09f58-5d62-8682-0337-427e1361ba58,1.0,https://www.facebook.com/reel/1542157190443873/,4.0,"Health CS Aden Duale presided over the 4th Sheikh Ali Sufi International Quran Recitation Competition held at Sir Ali Muslim Club in Nairobi, hosting 30 participants from 20 countries for a week-long showcase of Quran recitation before an international panel of judges. 

The event, attended by prominent scholars including Abdirashid Ali Sufi and SUPKEM Chairman Hassan Ole Naado, highlighted the competition’s role in promoting peace, unity, and spiritual growth.
 #creatorsearchinsights 
 #fypシ゚viralシ 
 #Somalia",,,,,,,,,,,,,,,Kenya,Peace,Hate Speech,Peace,2026-01-15 15:40:46.723151 UTC,2325,,very_high,low,low,low,low,low,low,low,,,,,,0.0,,,,0.0,0.0,,0.0,,1.0,0.0,0.0,0.0,0.0,0.0,,0.0,0.0,0.0,0.0,0.0,0.0,0.0,0.0,0.0,0.0,0.0,0.0,0.0,0.0,0.0,0.0,0.0,0.0,0.0,0.0,0.0,0.0,,0.0,0.0,0.0,0.0,0.0,0.0,,,,,,,,,,,,,,,,0.9997193217277528,0.0001873998116934,9.33265473577194e-05,Normal,0.9997193217277528,0.9996956586837769,0.0003043607575818,,,,,,,,,,,,,,,,,,,,,,,,,,,,,,,,,,,,
facebook,581b0f78-4d86-4006-297a-d4c43533bf75,Geofry Okwomi,0.0,2025-12-01,2025-12-01 06:16:48 UTC,1330.0,0ae8568a-6971-59d5-d8ff-10bb1b5fe360,10.0,https://www.facebook.com/geofry.okwomi.1/posts/pfbid0GTzFp7KoEiaMnU5Jksi6VtWaZmPPNonrSd44Fw8b5gxLoTFESHg9sNZ6UFUSoq1Xl,0.0,"KIKUYUS HATE KENYANS BUT KENYANS LOVE THEM ... Truth be said. Kenyans love Kikuyus while the Kikuyu hate Kenyans. Do you know a non-Kikuyu cannot buy land within Kikuyuni to build a home and live with his family there comfortably without being disturbed by Kikuyus. Even opening up a business within Kikuyus is a problem because first they will not buy from your business and furthermore they will be stealing from it every night because it is a business that does not belong to their fellow Kikuyu. Have you ever seen a non Kikuyu being elected for any political post within Kikuyus. They can't elect anybody who is not a Kikuyu to represent them anywhere in any capacity. In other regions Kikuyus lives ,they have homes without any interference from the people of those regions. There are Kikuyus who are MPs and MCAs within Kalenjin people. They do business across the country but no one bothers to disturb them. People buy from their businesses daily. Let's be very careful with them. Right now they are drawing Kenyans into their war because they want to get back to get back to Presidency. Do you think a kikuyu can change his name to be a luo,a kisii ,a Kalenjin,a Luhya or a Kambas name?? No they can't.... According to their 1969 oath which they took by drinking raw blood and eating soil while walking naked ,no other tribe should be President apart from them. That's why they are everywhere fighting Ruto and they want to drag Kenyans into their war. Let us say no! Ruto has been the best President ever since Kenya got independence. While Kikuyus was in power , development was done only to Central while neglecting other regions. #WeAreAllKenyans...Let us not allow the Kikuyu community to drag us into their war because even if they win they will sideline us and forget us....
#WeAreAllKenyans...
#KumiBilaBreak
#G",,,,,,,,,,,,,,,Kenya,Peace,Hate Speech,Peace,2026-01-15 15:40:46.723151 UTC,2325,very_high,,medium,low,medium,medium,low,low,high,,,,,,0.0,,,,0.0,0.0,,0.0,,0.0,0.0,0.0,0.0,0.0,0.0,,0.0,0.0,0.0,0.0,0.0,0.0,0.0,0.0,0.0,0.0,0.0,0.0,0.0,0.0,0.0,0.0,0.0,0.0,0.0,0.0,0.0,0.0,,0.0,0.0,0.0,0.0,0.0,0.0,,,,,,,,,,,,,,,,0.0005523927393369,0.0015036137774586,0.9979439377784728,Hate,0.9979439377784728,0.9898937344551086,0.01010631211102,,,,,,,,,,,,,,,,,,,,,,,,,,,,,,,,,,,,
facebook,9446081f-a0dd-080c-be91-aeff9aaae064,Growth Mindset,0.0,2025-12-01,2025-12-01 08:24:25 UTC,1330.0,c9c20e33-ab0b-5335-bedb-01cdbb80c851,7.0,https://www.facebook.com/groups/1375790336153115/posts/2869910020074465/,0.0,"“THE POPE REFUSED THE IMAM’S INVITATION — AND THE WORLD IS DIVIDED.” 

Social media is on fire after Pope Leo’s unexpected move inside the Blue Mosque… and everyone is talking.

What was meant to be a silent, peaceful interfaith stop in Istanbul has now turned into the boldest moment of his papacy.

Pope Leo walked in respectfully —
👣 removed his shoes
🤝 greeted the imam
🌙 stood quietly as a guest

But then came the moment that shocked the world:

👉 He was invited to offer a prayer… and he refused.

Not with anger.
Not with disrespect.
But with calm, firm conviction.

And instantly — the world split into two.

✝️ THE MOMENT THAT DREW A LINE IN THE SAND

Pope Leo honored Muslims.
He honored their space.
But he refused to blur the line between respect and worship.

Some are praising him:
“Finally! A leader who respects others without compromising the Gospel!”

Others are furious:
“He missed a chance for unity!”

But one thing is clear:
👉 He chose dialogue without dilution.
Respect without confusion.
Peace without compromising his faith.

A rare stand in a world that keeps trying to mix everything into one religion.

✝️ THE MESSAGE BEHIND THE REFUSAL

Jesus said:
“I am the way, the truth, and the life.” — John 14:6

Unity is good.
Peace is holy.
But truth is non-negotiable.

